{
    "DURATION": 20000000,
    "INIT_DELAY": 20,
    "ITERATIONS": 10,
    "PART_OF_THE_PATH": 0.3,
    "CHECK_TIME": 100,
    "CPU_SCALE": 2,
    "intensities": [
        0.021202378602440355,
        0.013045173447493955,
        0.024250073938129578,
        0.02136265856012807,
        0.016836280534919815,
        0.023760685838072632,
        0.019371950130711947,
        0.017337850378932988,
        0.013530501029718834,
        0.015181417815641564,
        0.01603306650487537,
        0.02184853523015616,
        0.0215676137724818,
        0.01586887877850347,
        0.013990982903011737,
        0.013935894293432984,
        0.02205662678190063,
        0.013773617598438911,
        0.017557870477498815,
        0.023693104670011723,
        0.01776334896862857,
        0.013159768937032591,
        0.020941414070805364,
        0.014884589778167562,
        0.013821487750013586,
        0.016137108824740613,
        0.015449619079300885,
        0.012729636824462404,
        0.012844540785230174,
        0.013637977803437368,
        0.017996400450874327,
        0.016822111808763925,
        0.020713447226917044,
        0.024812584536136717,
        0.021470807867342928,
        0.020413733735706964,
        0.020442854639094635,
        0.02355376963778165,
        0.019119609149225843,
        0.01881395058450332,
        0.018360472977185762,
        0.024002008102080037,
        0.018870543075034888,
        0.02496784049130754,
        0.01328247709401637,
        0.019534901794631798,
        0.015817808321464174,
        0.021524341588566937,
        0.016779578999892256,
        0.01955081775129961,
        0.01760187196625751,
        0.020175902253710094,
        0.019906832714031458,
        0.01747305802676017,
        0.020306157303351738,
        0.019160210986550446,
        0.015479537149874932
    ],
    "poisson_generators_edges": [
        "318",
        "30",
        "351",
        "-1004",
        "-1033",
        "-916",
        "579",
        "-1122",
        "-1098",
        "354",
        "279",
        "-44",
        "-191",
        "-15",
        "-23",
        "-121",
        "-5",
        "-364",
        "-960",
        "-334",
        "347",
        "-341",
        "-114",
        "11",
        "-1077",
        "-1072",
        "-347",
        "192",
        "913",
        "-243",
        "-259",
        "44",
        "27",
        "-964",
        "102",
        "-354",
        "1113",
        "-257",
        "-1135",
        "-575",
        "-1089",
        "129",
        "-330",
        "1002",
        "330",
        "587",
        "-1053",
        "323",
        "-233",
        "213",
        "-809",
        "-1087",
        "1016",
        "-986",
        "-588",
        "-1029",
        "-1064"
    ],
    "turned_off_traffic_lights": []
}