{
    "DURATION": 10000,
    "INIT_DELAY": 10,
    "ITERATIONS": 5,
    "PART_OF_THE_PATH": 0.5,
    "CHECK_TIME": 100,
    "intensities": [
        0.29577441151852507,
        0.06087738053612315,
        0.2735473660911033,
        0.09684179495832503,
        0.3767397012644818,
        0.11785557107504495,
        0.3150323070884764,
        0.016784161833113875,
        0.015065058171857333,
        0.3525973853870099
    ],
    "poisson_generators_edges": [
        "R22R23",
        "Q17R17",
        "D41E41",
        "O0P0",
        "K34J34",
        "A37A36",
        "M36N36",
        "L18L19",
        "M12M11",
        "F25F24"
    ]
}