{
    "DURATION": 10000,
    "INIT_DELAY": 10,
    "ITERATIONS": 5,
    "PART_OF_THE_PATH": 0.5,
    "CHECK_TIME": 100,
    "intensities": [
        0.4551886323749817,
        0.24488441213890527,
        0.3997373621460606,
        0.3116593867787507,
        0.15339473704173168,
        0.4621524252658488,
        0.04488614662563302,
        0.18793332033047494,
        0.1095165208828709,
        0.25591571051086015
    ],
    "poisson_generators_edges": [
        "-190221",
        "-193610",
        "-99600",
        "-66029",
        "-125146",
        "-84742",
        "-195203",
        "26449",
        "-101847",
        "-184125"
    ]
}