{
    "DURATION": 1000000,
    "INIT_DELAY": 10,
    "ITERATIONS": 5,
    "PART_OF_THE_PATH": 0.3,
    "CHECK_TIME": 100,
    "CPU_SCALE": 2,
    "intensities": [
        0.13897413724631946,
        0.10138087115184223,
        0.13037575200822124,
        0.19291841839105028,
        0.014094332045113043,
        0.13973587133208448,
        0.07358473420059354,
        0.043889752663907614,
        0.18520561359356844,
        0.055894547859031446,
        0.15678839514711082,
        0.19923818933968043,
        0.1529108569573523,
        0.08169691573664697,
        0.02423105011560728,
        0.006691912537156294,
        0.1509675180016397,
        0.03695457678305312,
        0.16616760816787343,
        0.0015569994664872077,
        0.05063941475563699
    ],
    "poisson_generators_edges": [
        "364",
        "-742",
        "-759",
        "1292",
        "223",
        "663",
        "-24",
        "254",
        "-284",
        "-254",
        "-713",
        "-621",
        "-47",
        "-644",
        "841",
        "685",
        "-76",
        "-59",
        "443",
        "-479",
        "1399"
    ],
    "turned_off_traffic_lights": []
}