{
    "DURATION": 3000000,
    "INIT_DELAY": 20,
    "ITERATIONS": 10,
    "PART_OF_THE_PATH": 0.3,
    "CHECK_TIME": 100,
    "CPU_SCALE": 2,
    "intensities": [
        0.0013474395255749392,
        0.0003622956842718428,
        0.008931848805109518,
        0.009997456448469428,
        0.004321069627418533,
        0.002260113774681046,
        0.00321516392267343,
        0.009935348434401293,
        0.0020191907823594413,
        0.007258705105460997,
        0.006699710018681083,
        0.0027679708804284196,
        0.0030370959237589123,
        0.00023773113213862977,
        0.0048225308380073035,
        0.001569698091611619,
        0.004770951481898497,
        0.00944843510171043,
        0.0011635785597897132,
        0.008058847077110142,
        0.006785460453321655,
        0.0038767684273533732,
        0.0035572484879252972,
        0.0019839625761238788,
        0.0057082506293979875,
        0.007130258756399742,
        0.0034374560466698474,
        0.006536769747305844,
        0.005350165676004319,
        0.0006525661533538539,
        0.006346914857745261,
        0.008379085340276161,
        0.0025050566413176616,
        0.0064031384521151345,
        0.0020922124623278327,
        0.003666726387701539,
        0.006290442804715461,
        0.005864709346696937,
        0.0035241531969601786,
        0.0023887475281711376,
        0.006514375254911609,
        0.004040888038261193,
        0.004014566190423732,
        0.006652658295037418,
        0.0031250488281191835,
        0.007367903338522205,
        0.005418775563804806,
        0.007601487992968084,
        0.006690448053419885,
        0.00712919854362562,
        0.007816494269163329,
        0.0015319010528908664,
        0.003547242147919368,
        0.006860424911074215,
        0.003659258065749837,
        0.002084210786667077,
        0.0018436660693140552,
        0.007097288569015375,
        0.00509184332231273,
        0.0071421081222360445,
        0.0048749252684264985,
        0.00501513391349801,
        0.0022562466926383004,
        0.00015796718761045193,
        0.0016176905408975594,
        0.0063088372801178945,
        0.004536104503965257,
        0.00893068289568713,
        0.009487547704541896,
        0.005055669701444002,
        0.0002946464470618102,
        0.0023055547018114115,
        0.0071683000810111,
        0.004213811670588163,
        0.006155418753950483,
        0.0017734366546929249,
        0.0038963073554072803,
        0.008355211271149455,
        0.007397619675232695,
        0.0019692567425394973,
        0.005261946955167847,
        0.009318643997333245,
        0.0013533991678581693,
        0.006169713430363536
    ],
    "poisson_generators_edges": [
        "-198",
        "76",
        "-209",
        "-112",
        "-801",
        "1650",
        "-675",
        "18",
        "-242",
        "1195",
        "-1114",
        "-1777",
        "-1265",
        "-1781",
        "-63",
        "-1631",
        "-15",
        "681",
        "5",
        "-1431",
        "-1424",
        "1609",
        "-1485",
        "44",
        "255",
        "256",
        "209",
        "45",
        "-1932",
        "-5",
        "652",
        "1094",
        "-18",
        "-95",
        "-1152",
        "21",
        "-1455",
        "245",
        "-1479",
        "-1648",
        "1085",
        "-28",
        "207",
        "-260",
        "1172",
        "-704",
        "-11",
        "-158",
        "-792",
        "-778",
        "-1898",
        "780",
        "694",
        "-1906",
        "-1418",
        "95",
        "-26",
        "-1092",
        "763",
        "-207",
        "-255",
        "15",
        "643",
        "-53",
        "1652",
        "-3",
        "-1195",
        "-1283",
        "26",
        "-231",
        "63",
        "-1172",
        "-256",
        "-382",
        "11",
        "-1609",
        "112",
        "-780",
        "-1916",
        "-850",
        "-58",
        "-813",
        "-1650",
        "-1785"
    ],
    "turned_off_traffic_lights": []
}