{"DURATION": 3600, "INIT_DELAY": 10, "ITERATIONS": 3, "intensities": [0.438485035472865, 0.04264403987874613, 0.36694185570683324, 0.15219985204948144, 0.4612588990632504, 0.3053112887984566, 0.10692841564470724, 0.385070448769003, 0.01432344722517837, 0.4723698101435292], "poisson_generators_edges": ["19690", "22659", "21037", "30682", "-27909", "-37827", "-32110", "33398", "-28184", "18475"]}