{
    "DURATION": 3000000,
    "INIT_DELAY": 20,
    "ITERATIONS": 10,
    "PART_OF_THE_PATH": 0.3,
    "CHECK_TIME": 100,
    "CPU_SCALE": 2,
    "intensities": [
        0.03182599069325711,
        0.08318753573852297,
        0.06340275358665584,
        0.072740478641952,
        0.010314936090133973,
        0.06673946624357739,
        0.017218786741831516,
        0.034592768752423904,
        0.037979004710319585,
        0.006167763168333817,
        0.008264492322054909,
        0.05898020397559096,
        0.015604909179868967,
        0.05736476930580717,
        0.033547021053525854,
        0.016686638706116048,
        0.03364982607794561,
        0.06388698533180776,
        0.0013283244464669304,
        0.016980174316607127,
        0.08206256072403384,
        0.056337296180335186,
        0.05102553793611778,
        0.08422068624100887,
        0.09762873633341217,
        0.06808358819020426,
        0.0066177777564622705,
        0.004551088261100971,
        0.09212006322652726,
        0.07049115086876588,
        0.02076837266840116,
        0.05481193950351176,
        0.07852883464103107,
        0.0618904071058205,
        0.01284581253736327,
        0.05082351729736721,
        0.07261289235022576,
        0.09853956812828246,
        0.04547897953231571,
        0.009722857242491643,
        0.08358579734448354,
        0.09925631870096562,
        0.04130802803482586,
        0.0011022763704514938,
        0.0946030000071376,
        0.06520468029117342,
        0.004013048462713532,
        0.044077715704987246,
        0.010717487195936397,
        0.08925702317795073,
        0.003451853888774521,
        0.005017580462657234,
        0.012671188051848137,
        0.09041851593934722,
        0.0839104530399163,
        0.047311663757659175,
        0.059895138604091985,
        0.06777825371433405,
        0.05985653233725798,
        0.02462312639717353,
        0.03331035525260052,
        0.051223745277922186,
        0.08086375677076742,
        0.048895743450141714,
        0.05207091652796801,
        0.036836398932409455,
        0.02493577722231162,
        0.017465497640881573,
        0.09136959515895263,
        0.062141326788847075,
        0.017756424011991293,
        0.03695173333710618,
        0.07849269159064082,
        0.0709815103760572,
        0.0684250637382034,
        0.07000873297373078,
        0.04951524283399188,
        0.06745422642568752,
        0.0885115906637411,
        0.06951867104605111,
        0.03750154331582871,
        0.042481135488366885,
        0.07308829794099637,
        0.04642899023443039
    ],
    "poisson_generators_edges": [
        "255",
        "1085",
        "-763",
        "242",
        "-1172",
        "-1485",
        "-242",
        "-382",
        "-76",
        "245",
        "-1283",
        "-643",
        "-11",
        "-1631",
        "-1932",
        "-158",
        "231",
        "-1785",
        "-1648",
        "692",
        "-1455",
        "-1265",
        "1431",
        "5",
        "-1609",
        "-15",
        "643",
        "-1781",
        "-1195",
        "-28",
        "792",
        "-95",
        "1650",
        "95",
        "-924",
        "-1424",
        "-1489",
        "-53",
        "-255",
        "3",
        "-18",
        "-198",
        "1092",
        "772",
        "-1114",
        "-1898",
        "-1094",
        "210",
        "-704",
        "-1650",
        "-694",
        "18",
        "780",
        "-780",
        "-1916",
        "-210",
        "704",
        "1114",
        "-26",
        "-813",
        "1609",
        "15",
        "44",
        "28",
        "1172",
        "-1418",
        "21",
        "-58",
        "-1479",
        "-850",
        "-1906",
        "-260",
        "-1085",
        "45",
        "-1152",
        "-112",
        "-245",
        "763",
        "-778",
        "224",
        "53",
        "-1652",
        "-1777",
        "1652"
    ],
    "turned_off_traffic_lights": []
}