{
    "DURATION": 1000000,
    "INIT_DELAY": 10,
    "ITERATIONS": 5,
    "PART_OF_THE_PATH": 0.3,
    "CHECK_TIME": 100,
    "CPU_SCALE": 2,
    "intensities": [
        0.03828405586464234,
        0.015081356745639929,
        0.03442395917021615,
        0.0016407338654301825,
        0.04592467664864663,
        0.042490935976457075,
        0.010125533164584494,
        0.03474232495989088,
        0.019143311841671874,
        0.008470962045793867
    ],
    "poisson_generators_edges": [
        "37",
        "11",
        "-11",
        "-13",
        "-79",
        "55",
        "9",
        "-53",
        "-33",
        "-51"
    ],
    "turned_off_traffic_lights": []
}