{
    "DURATION": 50000,
    "INIT_DELAY": 10,
    "ITERATIONS": 10,
    "PART_OF_THE_PATH": 0.5,
    "CHECK_TIME": 100,
    "CPU_SCALE": 2,
    "intensities": [
        0.016113617028706593,
        0.03761243796883651,
        0.05423417833624487,
        0.022413746785485227,
        0.08839535187611046,
        0.046228930190346865,
        0.032701414149103936,
        0.02093491483508585,
        0.08087252903323373,
        0.028048865322377752,
        0.04457698776493961,
        0.05469259958453952,
        0.02229371742683753,
        0.09419002020542978,
        0.0693987758598961,
        0.0430072641405045,
        0.022693278390367878,
        0.08585789341832524,
        0.009592194466158138,
        0.016504150318583953,
        0.08513864840903985,
        0.09854095362650207,
        0.060318159247569336,
        0.021895895703526857,
        0.09400915141089272,
        0.018261318538719474,
        0.09463336097301815,
        0.07380403017461969,
        0.003307517114597425,
        0.02085438078079275,
        0.06885072217990562,
        0.05911149085713697,
        0.07428469306192594,
        0.016261369522236422,
        0.01970111964518659,
        0.052014291367959764,
        0.06687023338858891,
        0.024641600213762563,
        0.03109876297970345,
        0.022282410801236774,
        0.07335074292969256,
        0.07719154187186132,
        0.05947975580625554,
        0.0633211854330269,
        0.03076927129891467,
        0.03598443246538159,
        0.007898390082971657,
        0.015015477553225777,
        0.07277883557561642,
        0.015089219526670028,
        0.003471205469374753,
        0.012971592731328268,
        0.022976533042680436,
        0.08002253317175291,
        0.07676535612386656,
        0.0524527180492503,
        0.035773468906137716,
        0.02588875390738801,
        0.05296079943404342,
        0.043131620061500425,
        0.01081810514403727,
        0.007910953584632298,
        0.03693970258489913,
        0.023754074716729995,
        0.03368428264818556,
        0.016580995796489084,
        0.0457098945297358,
        0.007222511841221351,
        0.08343497256643526,
        0.034210119140913466,
        0.03342810623726707,
        0.08942081953073638,
        0.0340241174726404,
        0.0382837102623012,
        0.09116075381256893,
        0.024137494886279948,
        0.011609156727441727,
        0.08503248631141351,
        0.06280740225737837,
        0.03771602458999905,
        0.06722033479126005,
        0.03062078386939809,
        0.06091082681544013,
        0.025949013505801796,
        0.0016499181751160829,
        0.015152562604966842,
        0.0593958127473173,
        0.054253595665281575,
        0.01696940890295051,
        0.044502298831066295,
        0.06599554722376101,
        0.08249912761953372,
        0.05982349597565874,
        0.011769266552739155,
        0.03579406610963073,
        0.033518469869417616,
        0.016376896607222777,
        0.06777006550904069,
        0.00566283458896462,
        0.05649536486468527,
        0.0342593064919199,
        0.06692627769635154,
        0.0990874113793609,
        0.05097422529527467,
        0.019781665577246598,
        0.09546614001480652,
        0.024461332720563812,
        0.029281145172807835,
        0.09847823047163341,
        0.01734815074449,
        0.09301060383403138,
        0.0448031706095799,
        0.08395621254292876,
        0.090777457745574,
        0.08338891021986498,
        0.0673777737925156,
        0.0013150664581756102,
        0.015083780097905319,
        0.08631125597219022,
        0.00782806701044891,
        0.09776439030380973,
        0.017697891256196845,
        0.09158450838922098,
        0.017864029306914917,
        0.03452169907034783
    ],
    "poisson_generators_edges": [
        "-31",
        "671",
        "-514",
        "-11",
        "-128",
        "-630",
        "487",
        "-619",
        "1181",
        "-1540",
        "1185",
        "383",
        "1220",
        "368",
        "167",
        "-1446",
        "207",
        "-1196",
        "-1209",
        "-441",
        "1204",
        "-1226",
        "-1409",
        "-1299",
        "183",
        "-671",
        "211",
        "-687",
        "-21",
        "17",
        "-145",
        "422",
        "434",
        "-1441",
        "-379",
        "-155",
        "252",
        "669",
        "-1059",
        "1177",
        "366",
        "1680",
        "-252",
        "-1185",
        "-3",
        "-888",
        "-381",
        "-2195",
        "-487",
        "-1233",
        "388",
        "1289",
        "851",
        "396",
        "-434",
        "-471",
        "181",
        "-1265",
        "-651",
        "1059",
        "-1407",
        "-300",
        "1196",
        "1197",
        "21",
        "-623",
        "1038",
        "-2201",
        "655",
        "-810",
        "-1040",
        "633",
        "-1811",
        "381",
        "-36",
        "-1706",
        "-20",
        "-366",
        "-137",
        "-872",
        "-1237",
        "-2169",
        "-2211",
        "76",
        "514",
        "1967",
        "2179",
        "-1862",
        "-169",
        "-2197",
        "220",
        "-1813",
        "-282",
        "370",
        "-809",
        "-673",
        "1218",
        "230",
        "-879",
        "-102",
        "-1057",
        "-633",
        "-2103",
        "-420",
        "284",
        "-17",
        "-881",
        "1265",
        "2171",
        "836",
        "-181",
        "1188",
        "364",
        "-841",
        "23",
        "-849",
        "-110",
        "872",
        "1706",
        "42",
        "387",
        "-680",
        "-207",
        "33",
        "930"
    ],
    "turned_off_traffic_lights": [
        "626",
        "679",
        "1056",
        "1406",
        "283",
        "393",
        "210",
        "421"
    ]
}