{
    "DURATION": 100000,
    "INIT_DELAY": 10,
    "ITERATIONS": 5,
    "intensities": [
        0.43320435513486594,
        0.2541610128810844,
        0.1833886078944229,
        0.15939792815449585,
        0.3266106939782314,
        0.4008056261825782,
        0.2004110861232864,
        0.4403205261211085,
        0.30252310076019345,
        0.2676704026985904,
        0.3039219066814749,
        0.27500781058603807,
        0.05339344895929236,
        0.15904598581977597,
        0.0011873517038614365,
        0.10019308950647451,
        0.07539332418420593,
        0.0719849006269972,
        0.17209931629221806,
        0.033756992166337464,
        0.0714264422463237,
        0.23496138405318256,
        0.28567621379294933,
        0.3568253086135732,
        0.07461379581262274,
        0.18646760860455425,
        0.179214862359271,
        0.24953786396664368,
        0.09714516186236825,
        0.0671717356254941,
        0.4039743339190191,
        0.30656175966675475,
        0.15299818512411958,
        0.35328316982729363,
        0.06115041516555066,
        0.3066087240433784,
        0.2242011607931446,
        0.4598287953246244,
        0.12091917137496255,
        0.18480300625854879,
        0.46598854383948485,
        0.08465047403147813,
        0.18200534513842698,
        0.04990101069323786,
        0.23640255935729942,
        0.26550427766861046,
        0.054843143634584715,
        0.013093709854804443,
        0.3991904252815004,
        0.1862076853260066,
        0.1980200563046358,
        0.46289770359706717,
        0.2018855073102028,
        0.020312835618758428,
        0.2659952705093949,
        0.12703184933146092,
        0.0356006717693679,
        0.4163054366983146,
        0.21272895058514854,
        0.17126480366093505,
        0.00915939895424275,
        0.49056716098492176,
        0.13036082723035142,
        0.09361302502715856,
        0.30730272447056556,
        0.05112596470400108,
        0.021959256237590794,
        0.26257030111930607,
        0.06169235196193467,
        0.13731041765220056,
        0.2232114377726607,
        0.11477037133979053,
        0.29880502873774617,
        0.45849803138904077,
        0.3754809254736045,
        0.31020008306938984,
        0.04729516122311369,
        0.4515418054727023,
        0.10536480246276188,
        0.04966530076717218,
        0.3880214010076365,
        0.0024993959047991364,
        0.4467885064687514,
        0.27134216944715767,
        0.2667876933208084,
        0.3736198148705786,
        0.2299313736474924,
        0.17196435494691917,
        0.41165214680011747,
        0.4913081585843353,
        0.21035486544476795,
        0.2247931080770009,
        0.03148948297458189,
        0.3819403072282166,
        0.40874431155119995,
        0.32478921738478705,
        0.1389254505110279,
        0.2249441005801182,
        0.44370681961885045,
        0.17276433262890015
    ],
    "poisson_generators_edges": [
        "-111714",
        "-24701",
        "89026",
        "-132854",
        "-197871",
        "-164593",
        "-31077",
        "110046",
        "-175398",
        "-178428",
        "103",
        "-152601",
        "67105",
        "-104249",
        "10413",
        "-156805",
        "-50505",
        "-25438",
        "-34689",
        "7013",
        "-77025",
        "7987",
        "90482",
        "-147282",
        "-61387",
        "-142193",
        "-161676",
        "-126296",
        "60944",
        "-164945",
        "233",
        "-71634",
        "-3856",
        "-174660",
        "-4066",
        "145772",
        "-145496",
        "149362",
        "59726",
        "-168938",
        "-371",
        "-4088",
        "-122400",
        "53606",
        "12176",
        "-99835",
        "-49206",
        "-37110",
        "-193720",
        "47623",
        "-200842",
        "-175754",
        "-95247",
        "22404",
        "161237",
        "-152269",
        "-37326",
        "-117767",
        "-108571",
        "-159636",
        "115461",
        "-183720",
        "-142958",
        "-29256",
        "-120142",
        "-28615",
        "-113428",
        "-102651",
        "-46667",
        "-154806",
        "92684",
        "-111478",
        "-199037",
        "-121991",
        "-74392",
        "-26190",
        "-70223",
        "-1088",
        "-9332",
        "-33962",
        "-25329",
        "-106754",
        "-199331",
        "22766",
        "-188502",
        "-68891",
        "-79095",
        "21828",
        "21934",
        "-61860",
        "-67057",
        "-110416",
        "-64020",
        "-87964",
        "-39377",
        "5862",
        "-55879",
        "-143456",
        "-101997",
        "-2997"
    ]
}