{"DURATION": 3600, "INIT_DELAY": 20, "ITERATIONS": 5, "intensities": [0.03970409320946043, 0.22122060838087923, 0.006423233505380267, 0.1967519785713079, 0.386211832054799, 0.3083896677684001, 0.3549486105282695, 0.10374007035930081, 0.3428377740449462, 0.0421109154275472, 0.2811433866377173, 0.3010403505745103, 0.2849680290819593, 0.39712283015397887, 0.13536219959243911, 0.4098046721018292, 0.15741434381890937, 0.35032991434375715, 0.11510797117813155, 0.1485232155736854, 0.1335722331328602, 0.4067530245924122, 0.02968681858976509, 0.33028817927047044, 0.07422963393729717, 0.14593824084010382, 0.49905970378833103, 0.36864298784236277, 0.2174861105265868, 0.41152889700199713, 0.351177038453173, 0.23664323816657187, 0.35473505177443926, 0.052133442353806715, 0.3984475108320512, 0.16744360297787791, 0.3751280861302754, 0.1034203898984546, 0.103113135471885, 0.3359444078945388, 0.4087469476894519, 0.07546453888873564, 0.04757720591098356, 0.428945864015099, 0.38421358869079403, 0.31050503273161917, 0.33542108338048066, 0.19540894948478563, 0.1720573550678403, 0.2753245960768876, 0.057447679984328315, 0.49964631252485747, 0.4485241033979705, 0.35064889592327464, 0.2809937316546194, 0.3928752802997805, 0.4408930907738364, 0.046273624611565756, 0.017076657233162623, 0.419729048193287, 0.1743460646787751, 0.329958791446226, 0.4927269782114541, 0.2846007597867608, 0.24194116664256463, 0.13521715473206652, 0.044624560845040864, 0.47809774059575866, 0.23148495733877855, 0.4517600464453949, 0.09313329457405657, 0.42051462846601567, 0.021824408229167657, 0.03000572262199663, 0.0008563818842717145, 0.1601429098859027, 0.18083862300996228, 0.2712861612423273, 0.4094765852043898, 0.17892393498286166, 0.313323542352245, 0.363465955433616, 0.16134046611949657, 0.19010338856536635, 0.2058205649512139, 0.24307332208492505, 0.22434499667597402, 0.16948241804853642, 0.18714572700868187, 0.19602103418541528, 0.05869164768544182, 0.2586646355326728, 0.3255848592585086, 0.3964289089179775, 0.33882424852075943, 0.25915197560618586, 0.1190233115412763, 0.01620481231478491, 0.1049880670643538, 0.2858425629597124], "poisson_generators_edges": ["-100833", "-101056", "-10008", "-100330", "-101963", "-10132", "-10106", "-101503", "-10182", "-100385", "-101740", "-10020", "-10012", "-100837", "-100609", "-10138", "-101754", "-101728", "-10151", "-101618", "-101625", "-10063", "-10026", "-100381", "-100639", "-100608", "-100643", "-10124", "-100354", "-10025", "-101075", "-100360", "-10", "-10145", "-10112", "-10120", "-10187", "-10024", "-100951", "-10154", "-100835", "-101073", "-101507", "-10011", "-100375", "-101077", "-101616", "-100328", "-100607", "-10074", "-101624", "-100841", "-100610", "-101732", "-100832", "-10110", "-100828", "-101873", "-101066", "-100501", "-10070", "-100315", "-100363", "-101054", "-101971", "-10196", "-10052", "-10166", "-100336", "-101872", "-100725", "-101508", "-101759", "-10144", "-101975", "-10195", "-100638", "-101753", "-10069", "-101499", "-101870", "-101758", "-101501", "-100371", "-10186", "-100295", "-101072", "-101068", "-100379", "-10135", "-100377", "-10103", "-101752", "-101612", "-100606", "-10018", "-101736", "-10152", "-10009", "-10108"]}