{
    "DURATION": 50000,
    "INIT_DELAY": 10,
    "ITERATIONS": 10,
    "PART_OF_THE_PATH": 0.5,
    "CHECK_TIME": 100,
    "intensities": [
        0.007960562772197276,
        0.0005837384672690073,
        0.07492163559779975,
        0.04194536655590745,
        0.05265430780788658,
        0.025921914400528365,
        0.006876936198729611,
        0.08802174895849209,
        0.07570043501077996,
        0.04908845831589593,
        0.009284067428741568,
        0.034812547720483304,
        0.058960103686509106,
        0.07969374734646192,
        0.05615855042357372,
        0.08613889261926928,
        0.02220568667126867,
        0.09650617102570777,
        0.09640284361510565,
        0.04196538171958247,
        0.031775580208196756,
        0.09756412513865088,
        0.04530679400221987,
        0.02384230962052096,
        0.080670884404684,
        0.06453564723093623,
        0.0008185549373482724,
        0.06882778787164484,
        0.03200062525018439,
        0.0006978826585656727,
        0.04724414481558488,
        0.07313935054451032,
        0.05135575904265146,
        0.027189645977341435,
        0.039765654702320734,
        0.011319537544945184,
        0.08584140210759073,
        0.056649853039227926,
        0.09061767547562494,
        0.008571231397574878,
        0.022938753455245122,
        0.02404395042844211,
        0.013156162989900811,
        0.08701113861788994,
        0.020970779298387282,
        0.08031531506814596,
        0.061372960968081564,
        0.0028339590516488866,
        0.010133061344424174,
        0.041367067206499554,
        0.0353845740189704,
        0.0850449217422421,
        0.08417468718095146,
        0.06992712577397128,
        0.05424225555332767,
        0.05064881811650971,
        0.08944198332980624,
        0.09607387305354897,
        0.007176523988359788,
        0.0879777488309693,
        0.059144094538120154,
        0.004786480515196463,
        0.0411612678347883,
        0.039520211654772895,
        0.0020385092090212573,
        0.02403559137196109,
        0.08704585733378771,
        0.02939552321548525,
        0.08075908729645291,
        0.08203993332579318,
        0.036456342569970414,
        0.06922048415207795,
        0.0925132652182578,
        0.08201723280144303,
        0.03692620767151827,
        0.06999821547308303,
        0.044303097724273266,
        0.07717805885917467,
        0.0403253395058905,
        0.0003009470748765708,
        0.0012256407383439798,
        0.06082433819534625,
        0.034591328248310835,
        0.04970080151262458,
        0.0363504367814226,
        0.07618666400713597,
        0.04598632624847216,
        0.07895623035650783,
        0.058621368455454397,
        0.03527516059540829,
        0.019854831215447795,
        0.027514429058711196,
        0.08777839057723125,
        0.02772475697753582,
        0.02353596551807238,
        0.05130573419273903,
        0.06353918352839856,
        0.036902239529479686,
        0.024243845696092715,
        0.04869192157212458,
        0.019724513125515975,
        0.05035371535432669,
        0.09493051541877141,
        0.0821455418025777,
        0.039368019298169556,
        0.08732667567569477,
        0.09151540965327731,
        0.013336174575768201,
        0.07659641337607745,
        0.056492556632446386,
        0.021226034990775383,
        0.007906557061075157,
        0.04351210631470099,
        0.024750237914252557,
        0.09782025915664883,
        0.07280886348886752,
        0.08560575937345347,
        0.08938323168581296,
        0.07414998347171303,
        0.05477721537350263,
        0.04244585732233347,
        0.03884845903013731,
        0.06363130876944323,
        0.06017097559814053,
        0.03383785860935789,
        0.09466860930278233,
        0.006584518409558962,
        0.01259723559771185,
        0.041438276345530295,
        0.05468791224496509,
        0.0593527580934578,
        0.0740726551824514,
        2.2313160742393884e-05,
        0.07514425417149125,
        0.09405266125164628,
        0.010985353119932777,
        0.08131558502827188,
        0.07161392087453515,
        0.01709220520224687,
        0.08311215379558325,
        0.003701155208912223,
        0.014399476112716702,
        0.09039149307113888,
        0.008368455679838297,
        0.007444798274821594,
        0.040193999009906035,
        0.0735986463904551,
        0.014924399358231219,
        0.09622622666087664,
        0.009513712262658377,
        0.09574876252137031,
        0.05121782330670958,
        0.0891893079461803,
        0.010101417494387437,
        0.07296656985638415,
        0.02059249170894531,
        0.09107041457313904,
        0.00758726470410313,
        0.06330370954098141,
        0.09368455318643645,
        0.03281825791443676,
        0.014710899946467662,
        0.02393498285534657,
        0.01516535592175808,
        0.03512358093833905,
        0.09684859332444036,
        0.01786015297686759,
        0.031801214343009594,
        0.05015249647211384,
        0.007895476563332688,
        0.03375331932804827,
        0.08429430354582468,
        0.0009445502297579535,
        0.01532805655155824,
        0.03790669319024814,
        0.021529957385701334,
        0.03316550156791167,
        0.044007785391939724,
        0.011109886083952402,
        0.02801554526613522,
        0.02070545493622432,
        0.020330166751415975,
        0.008886012557137193,
        0.03366244799208343,
        0.024506825925186174,
        0.006761085466879245,
        0.06855059313708058,
        0.024668114186475,
        0.07355270811417795,
        0.04205604640176365,
        0.011028127053372897,
        0.054695629587101016,
        0.0013831346073737423,
        0.05756200358584853,
        0.08030399150901597,
        0.03342915337174861,
        0.05724697135956701,
        0.07902346658723707,
        0.003392791579764029,
        0.04518295732541999,
        0.0436941694488037,
        0.06942692648443681,
        0.00514838626963195,
        0.04405911863553161,
        0.06909281005977275,
        0.06826528938460591,
        0.08356390946952902,
        0.008984084262337,
        0.002014435958935046,
        0.004979074291280458,
        0.08031903946533749,
        0.016621056058888854,
        0.08290635582992897,
        0.016904382602611977,
        0.08392786267262427,
        0.042279046955615664,
        0.014140755220978619,
        0.07100626003303334,
        0.011283477060777626,
        0.06216818450983615,
        0.037143557089926414,
        0.07722335645485967,
        0.09246816516013114,
        0.08103301699609511,
        0.012102583659526663,
        0.015540522373095332,
        0.005276612016542505,
        0.09738022162708497,
        0.010492817731360592,
        0.02345705125736761,
        0.05539509170973217,
        0.08641958003680579,
        0.09982262303706262,
        0.08228199319110749,
        0.01239179790176432,
        0.024608613966282233,
        0.015009829936587966,
        0.03783912459120624,
        0.01978784357818364,
        0.01849256522348902,
        0.08224550798766253,
        0.03475768465802253,
        0.02230133255810387,
        0.050913503576055404,
        0.056445699066957955,
        0.07226236281526212,
        0.03111928789459811,
        0.06120641050676634,
        0.005816570224199395,
        0.06352844509953495,
        0.07299445669143582,
        0.033038333155798134,
        0.0638817849682308,
        0.008671814022278925,
        0.02754189005786971,
        0.06500324069031786,
        0.08193168437844947,
        0.013990723592380003,
        0.05222859321025052,
        0.013791964879518032,
        0.0911214272502956,
        0.07668045203648118,
        0.09399190833911703,
        0.027746309521604527,
        0.01293902394827763,
        0.02616755241263791,
        0.011225790526123417,
        0.05930212758266599,
