{"DURATION": 3600, "INIT_DELAY": 10, "ITERATIONS": 2, "intensities": [0.48710674428995965, 0.058607238904794044, 0.08611661800190869, 0.21039865830377275, 0.3859903548832236, 0.4574678559991907, 0.39796721349132613, 0.13014009650842315, 0.3221815416483689, 0.30929118663005883], "poisson_generators_edges": ["3061", "-27084", "5825", "-28044", "-1902", "30883", "21453", "31356", "-2005", "-6435", "22659", "-22906", "10478", "22528", "-33416", "-9054", "25061", "3333", "-22", "1366", "-11781", "3563", "7710", "-35785", "34760", "-3825", "21031", "23598", "8043", "2255", "30189", "28737", "12127", "-7511", "36366", "-18668", "10556", "24665", "-30102", "-28448", "9924", "30769", "21992", "-18009", "101", "34111", "-25248", "22759", "17288", "7477", "-33610", "-36938", "34952", "-30881", "-28387", "22652", "893", "-32074", "-2261", "-27886", "1999", "-28447", "-2017", "14603", "-2324", "8787", "13125", "32615", "-16737", "-1952", "36492", "6768", "6299", "-3317", "-16745", "-2771", "-22265", "16749", "31486", "24171", "21370", "-26385", "3294", "-34101", "27136", "20758", "37280", "-32280", "-34822", "-429", "-21021", "339", "30921", "-25119", "14232", "-3376", "-28713", "1489", "6500", "5352", "35246", "-2342", "-31501", "-25749", "19884", "20595", "-24801", "-16749", "2261", "2279", "-27535", "-37269", "-9719", "22374", "-10239", "847", "2416", "31551", "-20779", "28044", "31240", "19134", "-19430", "-15769", "1485", "18680", "-24844", "25115", "30829", "33291", "23083", "25250", "-28538", "11781", "-14867", "-25861", "26699", "11643", "-25917", "-31353", "18668", "30102", "-3840", "-31757", "-2238", "-27098", "1881", "8886", "-30864", "30210", "-30677", "-7688", "-12249", "7825", "31663", "-30480", "-31434", "28184", "27267", "22539", "1705", "-24169", "23630", "25894", "-9899", "-26552", "-9058", "-13179", "-10201", "30698", "33759", "19146", "30781", "7511", "-26750", "-30682", "-21676", "-30146", "33171", "-27989", "24864", "31448", "-13589", "-5063", "23230", "33927", "14476", "24826", "7671", "-36969", "-9050", "-3359", "32074", "19017", "-14853", "15176", "28750", "2771", "-25889", "-20809", "-14648", "34101", "13479", "22215", "27533", "-11762", "24792", "-25894", "-9515", "73", "-16903", "16261", "4928", "-6309", "-30110", "-33935", "20955", "6629", "30063", "6407", "-5825", "21099", "14923", "17180", "20737", "-9906", "7688", "5049", "21967", "-14941", "-35574", "-30658", "-25973", "-1314", "-37226", "27008", "5736", "-5365", "-4331", "20974", "-3527", "17866", "-31221", "-28737", "-8827", "3683", "13179", "26575", "-13337", "-30883", "8624", "3317", "-24826", "-16026", "-8409", "13116", "-2255", "-26631", "-2114", "25896", "-35102", "19611", "37300", "-8831", "-3", "24169", "-32078", "-15447", "13134", "-23543", "35753", "-33759", "37269", "-37710", "-34314", "-30694", "-34948", "15", "25853", "-28152", "-19211", "-11792", "-13134", "24544", "34074", "2516", "7663", "-10068", "1382", "25871", "-36640", "-11845", "34822", "4886", "1663", "-6917", "28793", "27889", "-4482", "-16298", "25248", "31757", "29000", "1902", "-23980", "17184", "15769", "-32229", "-13043", "-2416", "37852", "33476", "28475", "-1353", "-6402", "-16378", "-2596", "7675", "32250", "12418", "14239", "22906", "-20", "19461", "-7156", "29270", "-1357", "11762", "34774", "7132", "1890", "-4928", "-19808", "-25061", "-17696", "32568", "-23580", "-30341", "-3047", "-29279", "32526", "15570", "32280", "32080", "-22719", "3", "2885", "-1717", "549", "79", "-10795", "-28475", "-8190", "2713", "22051", "7144", "-14937", "-37599", "-25849", "14018", "-9895", "-17330", "-2070", "37710", "14062", "-33171", "24871", "-13128", "-1997", "29151", "28152", "36484", "-28471", "-6420", "-24454", "-3045", "-6511", "27278", "23602", "15888", "29279", "30897", "28471", "13346", "18704", "21037", "14222", "29209", "-8046", "25728", "-36121", "-37798", "-20792", "-30316", "-234", "8480", "14853", "1990", "31189", "-26399", "-5984", "23973", "33183", "27777", "-30470", "-34428", "4319", "13337", "35603", "39", "-33075", "-23467", "-19611", "5984", "-30335", "-18477", "-2705", "-13944", "-20590", "6390", "24161", "-7708", "-66", "-21099", "15773", "19824", "-25056", "9", "13589", "34068", "-37280", "-21370", "30658", "1887", "-22652", "3881", "-25266", "-14483", "6168", "-13586", "21101", "1523", "-16146", "20445", "36181", "22665", "15143", "429", "1768", "43", "-30542", "8871", "-29473", "20741", "-2330", "19816", "13067", "8779", "-29209", "16298", "-30661", "-18019", "-6805", "1307", "25447", "-27008", "12919", "-13601", "10820", "9641", "24879", "34545", "31470", "30316", "-31171", "-3645", "23969", "44", "14982", "-22045", "-6658", "33613", "-7309", "28448", "-3881", "-37272", "32913", "36364", "34542", "-11643", "-36978", "31212", "9895", "-9030", "17858", "27140", "-5806", "-1506", "-34974", "-7303", "-2417", "33128", "-8603", "-10644", "7678", "-36", "30230", "-3294", "3591", "-2259", "-27813", "-341", "-21961", "-8226", "-23969", "-21372", "-9", "37128", "22265", "-7710", "-12850", "5728", "-8459", "-17554", "11222", "3858", "-27191", "-19824", "16378", "29847", "25746", "-25250", "-6407", "-8475", "12247", "6435", "-362", "18847", "14984", "14912", "-17317", "23554", "-847", "-5059", "-28524", "29318", "14094", "11853", "-8821", "-8886", "29960", "-22539", "-27216", "4482", "18013", "-4886", "28601", "29120", "-32250", "-15142", "-8815", "-33956", "-27866", "8190", "-31429", "-9504", "-19017", "18837", "-1999", "32922", "33931", "-24864", "15114", "13211", "12411", "24458", "10638", "-12842", "1353", "14695", "-4529", "-6984", "5381", "-4298", "-20745", "-14912", "-11108", "-28481", "24808", "-7423", "-8779", "11759", "-18006", "-20737", "-23927", "16745", "19430", "-11759", "-19690", "-7825", "20809", "-32303", "20813", "6309", "-20805", "-24161", "-36366", "-29847", "-2885", "10183", "34129", "-25264", "-12848", "-24544", "29475", "-8871", "30616", "2761", "31398", "9058", "-21992", "-12426", "34087", "28538", "15144", "-21688", "36938", "-26094", "-36009", "-30769", "-28025", "1168", "-19146", "-13177", "-12830", "21842", "25245", "31242", "-32681", "-37846", "9377", "-1729", "1879", "7303", "-1663", "21372", "-1748", "-35637", "-8824", "-32934", "-21967", "-18032", "-36839", "36", "-9518", "-7113", "-12411", "-31357", "9899", "-2301", "-9508", "-18644", "-33750", "-25754", "12275", "30470", "-25421", "-32666", "-24806", "-27296", "-26699", "15599", "-34760", "-14580", "-28599", "-28176", "-2279", "-23410", "-21031", "-30698", "4316", "10676", "-26764", "27537", "6420", "22960", "14992", "25630", "19728", "30480", "20725", "-16042", "4767", "-36947", "16059", "-20998", "-30829", "-32936", "3840", "29843", "-28864", "-15773", "-10224", "-3662", "12848", "25264", "-25245", "16047", "33792", "-18847", "-572", "-11222", "-20595", "1506", "33123", "14110", "30181", "-2077", "-32615", "-27537", "5063", "-27244", "31949", "-1887", "25754", "15232", "-27889", "13998", "-15888", "-34432", "-34952", "-6977", "29503", "-2713", "15613", "36971", "-10183", "-16057", "-19507", "3686", "-17290", "7708", "3825", "-5381", "-26781", "11813", "26094", "-28371", "-8787", "19690", "-27762", "-29616", "-18013", "17330", "-7702", "-14524", "37846", "-1324", "-19459", "14226", "-22759", "-27140", "25849", "362", "25056", "36255", "30175", "27627", "10260", "-3063", "22006", "-12247", "16119", "743", "-27153", "-36181", "-27136", "-1363", "-9641", "30744", "-9645", "30330", "-14476", "-14110", "-5227", "26385", "-8179", "-13073", "-3330", "25023", "32924", "35343", "-31486", "-14921", "31501", "28599", "14833", "20779", "-2370", "30719", "-25736", "-27037", "-2735", "5406", "26565", "232", "-22916", "-1366", "-23772", "-7132", "20", "-27533", "-7292", "-14603", "-37300", "30243", "-19728", "-5728", "-9382", "12880", "1324", "-33948", "-6500", "-27909", "1729", "11868", "-31514", "-6525", "-2894", "-79", "-7469", "-17858", "17292", "-18484", "12842", "703", "-6768", "-32601", "-14695", "-35753", "-34645", 