{
    "DURATION": 1000000,
    "INIT_DELAY": 10,
    "ITERATIONS": 5,
    "PART_OF_THE_PATH": 0.3,
    "CHECK_TIME": 100,
    "CPU_SCALE": 2,
    "intensities": [
        0.13339109172347555,
        0.24046379423920625,
        0.11409486009613809
    ],
    "poisson_generators_edges": [
        "-11",
        "-13",
        "-20"
    ],
    "turned_off_traffic_lights": []
}