{
    "DURATION": 4000000,
    "INIT_DELAY": 20,
    "ITERATIONS": 30,
    "PART_OF_THE_PATH": 0.3,
    "CHECK_TIME": 100,
    "CPU_SCALE": 2,
    "intensities": [
        0.01997729256746365,
        0.021922716320816493,
        0.007579840425051587,
        0.028287168744448962,
        0.01601824858723391,
        0.007127925330785619,
        0.015060843884092902,
        0.022425760799388197,
        0.01609735298778962,
        0.028939979643114212,
        0.014017235185062564,
        0.02086187307444709,
        0.017778299637175185,
        0.027724877686729363,
        0.01908649204909145,
        0.010324025232726596,
        0.021213918141194617,
        0.010242359076727166,
        0.029618235315040806,
        0.02167649103578574,
        0.024421115778591726,
        0.022244404459683315,
        0.017625201934339745,
        0.022690680592053224,
        0.029906424362540568,
        0.015028588509679325,
        0.026464088160309145,
        0.024381426160125876,
        0.029646291802713075,
        0.007994778602206027,
        0.02544264199899711,
        0.022923945274671995,
        0.022556632064566158,
        0.029940820014825148,
        0.014369359855879175,
        0.02893326254442794,
        0.022192974720427486,
        0.014781092348091239,
        0.02253945972486914,
        0.016700886245240045,
        0.010131952818070467,
        0.0077882480872144815,
        0.024577108835945376,
        0.02337951953838873,
        0.021773952788875638,
        0.02714387126674183,
        0.026883128509144143,
        0.025179643021829637,
        0.02956294602588594,
        0.028778088370661377
    ],
    "poisson_generators_edges": [
        "780",
        "-1489",
        "242",
        "-256",
        "-95",
        "1092",
        "3",
        "21",
        "260",
        "-15",
        "1085",
        "209",
        "-245",
        "792",
        "652",
        "-1916",
        "-692",
        "-1650",
        "-1195",
        "210",
        "-1172",
        "-1631",
        "198",
        "255",
        "-45",
        "-780",
        "-1777",
        "-1785",
        "1431",
        "256",
        "-242",
        "-382",
        "643",
        "704",
        "-772",
        "-44",
        "15",
        "28",
        "1609",
        "-1114",
        "-158",
        "-1265",
        "112",
        "-643",
        "382",
        "5",
        "-1092",
        "44",
        "-76",
        "-1932"
    ],
    "turned_off_traffic_lights": []
}