{
    "DURATION": 1000000,
    "INIT_DELAY": 10,
    "ITERATIONS": 5,
    "PART_OF_THE_PATH": 0.3,
    "CHECK_TIME": 100,
    "CPU_SCALE": 2,
    "intensities": [
        0.003990241319689633,
        0.06342418866522569,
        0.0892245562731899,
        0.012361321654557722,
        0.09365324085210723,
        0.046036154412005176,
        0.051245519726646746,
        0.010926399819665995,
        0.01837899326317434,
        0.004325005659234011,
        0.001046621012138132,
        0.01589225906149106,
        0.05114408769580322,
        0.0425359153281897,
        0.07419100820848581,
        0.05588656947072498,
        0.08454343853136555,
        0.0635111599337211,
        0.08977942656344161,
        0.06860954555604179,
        0.013997353078659281
    ],
    "poisson_generators_edges": [
        "-1468",
        "180",
        "-713",
        "-263",
        "-21",
        "-485",
        "5",
        "-1277",
        "888",
        "296",
        "644",
        "450",
        "-223",
        "-1343",
        "-855",
        "371",
        "24",
        "267",
        "-362",
        "-456",
        "479"
    ],
    "turned_off_traffic_lights": []
}