{
    "DURATION": 3000000,
    "INIT_DELAY": 10,
    "ITERATIONS": 1,
    "PART_OF_THE_PATH": 0.3,
    "CHECK_TIME": 100,
    "CPU_SCALE": 2,
    "intensities": [
        0.043877529342079905,
        0.03676889449828864,
        0.031148121882032122,
        0.04912909811197245,
        0.025142569047015617,
        0.026432444530739653,
        0.041806227686047866,
        0.0163445983475348,
        0.04440326222738767,
        0.042695099445265484
    ],
    "poisson_generators_edges": [
        "-53",
        "-55",
        "-3",
        "51",
        "55",
        "-37",
        "-35",
        "-51",
        "-33",
        "3"
    ],
    "turned_off_traffic_lights": []
}