{
    "DURATION": 1000000,
    "INIT_DELAY": 10,
    "ITERATIONS": 5,
    "PART_OF_THE_PATH": 0.01,
    "CHECK_TIME": 100,
    "CPU_SCALE": 2,
    "intensities": [
        0.10579599450106472,
        0.460237273147575,
        0.13232203364348713,
        0.22188292485210523,
        0.05543782848600897,
        0.4953057203278869,
        0.11137753561757593,
        0.10507429329878157,
        0.03504823766019301,
        0.08170763566682256,
        0.17117591604271756,
        0.4936720864703769,
        0.3806732367368929,
        0.15770175462716718,
        0.12162658963981161,
        0.12292029747446195,
        0.38489263855490086,
        0.08152063763929172,
        0.15375424075989,
        0.17937972288440118,
        0.3508058593965636,
        0.1669519738901736,
        0.4004253616927522,
        0.10372586505375123,
        0.11493601563327617,
        0.3503181561459287,
        0.3034299633693997,
        0.43091328976084575,
        0.2668733401880664,
        0.39646260713664516,
        0.4505371387943727,
        0.1344118796132425,
        0.1438920984635532,
        0.417318079642168,
        0.31700771346424395,
        0.19416083347236807,
        0.3060194322623907,
        0.3286633715272913,
        0.41933952889708453,
        0.25719683546754635,
        0.2852582621640423,
        0.13903880844930147,
        0.49335871334865694,
        0.33783869415682544,
        0.04163215604340168,
        0.48504557494901085,
        0.43579376768633415,
        0.14085966681275738,
        0.3775532246496653,
        0.16974009571793622,
        0.1284351451891737,
        0.3331523066631325,
        0.23486516907102659,
        0.3863357007467529,
        0.068204196317751,
        0.44243364236470933,
        0.40177543733611,
        0.3302252202525521,
        0.09046119678567936,
        0.4553622692128974,
        0.030226471271581033,
        0.2883822842836425,
        0.035802225554787216,
        0.08839743349811358,
        0.14997239010289282,
        0.14664028153661324,
        0.07409434289376098,
        0.021473262522201945,
        0.46150059463275955,
        0.31995564964485923,
        0.1906478792831096,
        0.10484820074429745,
        0.3548399625149622,
        0.4987955987849516,
        0.10449552514845419,
        0.4118265314499677,
        0.45211595684841954,
        0.4931500515838058,
        0.15498565069953038,
        0.053292725503191966,
        0.14624384431126214,
        0.26621417989093654,
        0.07438319449493341,
        0.3522648003075848,
        0.07916567229193323,
        0.11458211563269716,
        0.35156822935947063,
        0.1126255154869731,
        0.10774148763741767,
        0.1447681380164474,
        0.18910045525910157,
        0.2579274344635478,
        0.017434826379844764,
        0.37439266284779477,
        0.44818086475362534,
        0.46798166648247475,
        0.02515655872085651,
        0.3208751210659618,
        0.2525227114920183,
        0.25572566558231247,
        0.442540358473824,
        0.33602000602893733,
        0.08643580765813175,
        0.15781740215529383,
        0.03749030102030015,
        0.4366748231723084,
        0.301346694969023,
        0.24645694481856906,
        0.1296003882815636,
        0.12490608456917966,
        0.13692588558050012,
        0.20786219506670897,
        0.39246326821965855,
        0.47089881497666863,
        0.022950732947249804,
        0.14986281978268812,
        0.3237642989307494,
        0.051520939572122754,
        0.20695580462418872,
        0.17243359989802332,
        0.19600631165541552,
        0.3345708033709555,
        0.10186257578925134,
        0.19314857567476795,
        0.48727362062381574,
        0.2696430360761865,
        0.08821096173032786,
        0.24203770210299344,
        0.12167087213779672,
        0.2483059775818533,
        0.491471508367138,
        0.3596594036843115,
        0.4487114364390592,
        0.22888510211762944,
        0.3467030923115005,
        0.055087489506155406,
        0.3796712688356096,
        0.2543033549276778,
        0.48469555544747966,
        0.39832912117022773,
        0.18134822506332648,
        0.3907220763950279,
        0.33741651772092146,
        0.1767766000354718,
        0.019003993327908694,
        0.2457324608048688,
        0.46379672873788075,
        0.07138205398522904,
        0.45440976268329564,
        0.2862941512378681,
        0.28611728837953204,
        0.33969758728843735,
        0.011544926540044307,
        0.39206416215362944,
        0.3232684908858236,
        0.47376151524947824,
        0.03047638025226361,
        0.13667302250277272,
        0.05158695905112895,
        0.3217140564334316,
        0.3058685036925688,
        0.05605066115815848,
        0.2523805974912772,
        0.14026839998320556,
        0.32851858700074915,
        0.3355853343754246,
        0.11781683894228391,
        0.26212943790359555,
        0.06785183823717168,
        0.4262461098958752,
        0.12593429880231552,
        0.4818000694414667,
        0.28713729919861875,
        0.2332581891132444,
        0.34639639514214454,
        0.3774116271987841,
        0.4842986711595835,
        0.2372661257121739,
        0.41276450883146304,
        0.16095794571114808,
        0.21123246112154206,
        0.4444767669599553,
        0.447452479195209,
        0.07002098332989447,
        0.30437610756672673,
        0.18758709424521222,
        0.4367107957693148,
        0.09669926286186732,
        0.04412878559802792,
        0.48414631636018507,
        0.37497797541801653,
        0.25578357097591503,
        0.44105006443544814,
        0.25703513948017054,
        0.33754021047001154,
        0.09525037786713159,
        0.3709578978913344,
        0.09657297065548393,
        0.24716553846776448,
        0.12643634611115287,
        0.10953597544267293,
        0.0906960118047156,
        0.45691229736712746,
        0.10347335639430505,
        0.08766664767680679,
        0.19683334939882938,
        0.17679035391898548,
        0.19269788996887505,
        0.4698658476088394,
        0.36169356946411296,
        0.09128745920214092,
        0.16834534462702253,
        0.23671987078472886,
        0.4211226199303563,
        0.17758008522300114,
        0.49418194662655535,
        0.21381309147839844,
        0.026995998928228397,
        0.14826969186299677,
        0.19766781930467417,
        0.24331466274302005,
        0.23462920425906222,
        0.14900555365026347,
        0.3493850500220621,
        0.041439269227208704,
        0.06527663685530291,
        0.47020244695686475,
        0.17292349406305743,
        0.1905267874048929,
        0.036108118324840004,
        0.41884532876719033,
        0.057688060257193474,
        0.1802772546749704,
        0.37668796470712945,
        0.24475263554866186,
        0.14219319113020015,
        0.2716658225875165,
        0.3896127827935467,
        0.41604303649747293,
        0.31092373976069093,
        0.4089860604966586,
        0.020540813520796546,
        0.36944459338103697,
        0.28776381875949014,
        0.3375058319914973,
        0.24548693464687912,
        0.32805478357404944,
        0.20174336626337613,
        0.48028250706853115,
        0.318078039653374,
        0.44883511451410824,
        0.4699702137788234,
        0.3144671186244974,
        0.3622553703010089,
        0.39722326853451884,
        0.4048703671316466,
        0.15256789062603454,
        0.07760321967918639,
        0.38496046882552054,
        0.42619140378953946,
        0.04593177706798426,
        0.14631303568674153,
        0.113299595399368,
        0.18033711018127205,
        0.18606102505843072,
        0.22262698157873018,
        0.05398346630887523,
        0.014438268235123966,
        0.27580746730485795,
        0.35923045787693,
        0.12449531833011408,
        0.24726966786233465,
        0.4992163854212804,
