{
    "DURATION": 3600,
    "INIT_DELAY": 10,
    "ITERATIONS": 1,
    "PART_OF_THE_PATH": 0.5,
    "CHECK_TIME": 100,
    "intensities": [
        0.38452613260341917,
        0.12711613426883223,
        0.09086905228303187,
        0.12200238508583221,
        0.24305527241690525,
        0.017386926181015738,
        0.31953699975747535,
        0.3783764409348646,
        0.40054957010968123,
        0.014958883603588007,
        0.32827586821649124,
        0.4131114994093941,
        0.4264401396780155,
        0.2345948205812232,
        0.031126963557224288,
        0.2780726438290589,
        0.05438434201614063,
        0.2643339701557949,
        0.348608166913584,
        0.07025874309858919,
        0.28705095074601994,
        0.05074970870748714,
        0.04425919161554839,
        0.20805463704431099,
        0.3548843462371443
    ],
    "poisson_generators_edges": [
        "-83",
        "134",
        "-1089",
        "22",
        "-1070",
        "-1080",
        "946",
        "-176",
        "-950",
        "-22",
        "828",
        "-126",
        "44",
        "132",
        "-367",
        "76",
        "36",
        "11",
        "-515",
        "-783",
        "115",
        "184",
        "-958",
        "840",
        "-1369"
    ],
    "turned_off_traffic_lights": [
        "1079",
        "949",
        "872",
        "1084",
        "161",
        "16",
        "1",
        "766"
    ]
}