{"duration": 1000, "iterations": 10, "intensities": [0.08387356806661074, 0.14797030677660783, 0.02794657484034071, 0.055343460167941554, 0.4020640565573387, 0.4827226085653661, 0.10847564884240707, 0.4436706005486704, 0.16099949148258036, 0.3421100811304903, 0.4103922778611048, 0.16478320029922106, 0.40809628404816095, 0.2913460882486879, 0.3856989125147327, 0.439395648895396, 0.4776266941651382, 0.07865496644109134, 0.21428925796112283, 0.07427362116575001], "poisson_generators": ["38462", "34471", "240824", "195973", "9107", "141751", "203103", "358178", "219180", "209615", "174185", "249215", "217452", "99191", "194572", "269210", "257714", "255214", "3473", "295175"]}