{
    "DURATION": 1000000,
    "INIT_DELAY": 20,
    "ITERATIONS": 5,
    "PART_OF_THE_PATH": 0.5,
    "CHECK_TIME": 100,
    "intensities": [
        0.48835020055472134,
        0.21263405900188917,
        0.021847056932846356,
        0.08192760674525042,
        0.48333819319334087,
        0.34198681539807624,
        0.16085890412539827,
        0.2813430343784949,
        0.11971986527017885,
        0.3543273239031656,
        0.009054858715057634,
        0.41180783461042797,
        0.48447375697677303,
        0.02951423335156367,
        0.42149203474032465,
        0.23627513960996624,
        0.12670057782138627,
        0.03469442937922732,
        0.20016354444364376,
        0.2190906891042944,
        0.4069515527973788,
        0.33736663916904175,
        0.49346082100011357,
        0.29898922162919844,
        0.456732433394263,
        0.424550474443538,
        0.17238507211981605,
        0.33661178146288034,
        0.45970841870165113,
        0.4345846130625174,
        0.25415503193539385,
        0.4011791525862753,
        0.16460636696093317,
        0.1348738344588138,
        0.2038516280109694,
        0.35963175625590144,
        0.4495996042664107,
        0.15083023663533351,
        0.053050533028784624,
        0.40825682584267736,
        0.4204130888796208,
        0.4230402362974406,
        0.21395181815672012,
        0.48917210890708146,
        0.09987271510926246,
        0.05735154562595006,
        0.44587914443910365,
        0.23760902915910734,
        0.04887468526378946,
        0.0323054342583014,
        0.3952556105474153,
        0.4549899392327843,
        0.11201494686845925,
        0.49105662357440616,
        0.14268032218133947,
        0.2549974629097532,
        0.4943607770001344,
        0.1089940883450496,
        0.31822135026193443,
        0.11167237503531106,
        0.020702788508148922,
        0.4015806246827269,
        0.17918159871303688,
        0.04589351509566278,
        0.09837646777179754,
        0.27261956193081416,
        0.49064871400997523,
        0.4266751134458238,
        0.2436176070677512,
        0.3790685239106146,
        0.4542300566721209,
        0.31453345191043514,
        0.06830095664165685,
        0.1641641489870352,
        0.24905535416823762,
        0.446595980911252,
        0.1310904929126649,
        0.4727075768434877,
        0.38308938744754756,
        0.2927290966888343,
        0.45540120624482444,
        0.3769240193471192,
        0.43049153701645887,
        0.22704453990898613,
        0.008249168924608261,
        0.3007391133095905,
        0.015171648479703736,
        0.4220606400874628,
        0.4040798347714774,
        0.2642971345462595,
        0.43913452900982214,
        0.29634996771191724,
        0.34365944881120214,
        0.4736869171669762,
        0.3663213630559266,
        0.3136533996919008,
        0.04351416545630367,
        0.43563445602672674,
        0.45856652039318474,
        0.11096373957099155
    ],
    "poisson_generators_edges": [
        "-19079",
        "-96457",
        "147654",
        "108907",
        "-126814",
        "-199677",
        "99835",
        "-49144",
        "49194",
        "134952",
        "-173578",
        "-80307",
        "-729",
        "-9580",
        "-12726",
        "74944",
        "15522",
        "119337",
        "37326",
        "-11756",
        "-91279",
        "-148574",
        "85002",
        "-9364",
        "-137294",
        "-12770",
        "114072",
        "-188280",
        "-35627",
        "-159636",
        "92370",
        "-56930",
        "-183502",
        "14246",
        "-105707",
        "-26304",
        "-13707",
        "-157653",
        "-171254",
        "-52882",
        "120710",
        "-90260",
        "-155244",
        "-58312",
        "-17746",
        "28053",
        "-143456",
        "16106",
        "-146474",
        "-173220",
        "-177678",
        "-174606",
        "-147284",
        "-191174",
        "98342",
        "156573",
        "-108645",
        "170326",
        "-197851",
        "-113392",
        "-188144",
        "97916",
        "139046",
        "-43166",
        "189184",
        "178196",
        "-37480",
        "19918",
        "-133989",
        "-103490",
        "-45434",
        "46058",
        "-184347",
        "33622",
        "-166265",
        "-42510",
        "109367",
        "-84241",
        "-111712",
        "-33596",
        "-73798",
        "-126822",
        "117765",
        "-11079",
        "-6346",
        "-88046",
        "-144786",
        "-138350",
        "-69233",
        "-101581",
        "-201146",
        "-89498",
        "55635",
        "-152785",
        "-177552",
        "29822",
        "-123112",
        "132274",
        "-129562",
        "-169740"
    ]
}