{
    "DURATION": 1000000,
    "INIT_DELAY": 10,
    "ITERATIONS": 5,
    "PART_OF_THE_PATH": 0.3,
    "CHECK_TIME": 100,
    "CPU_SCALE": 2,
    "intensities": [
        0.0844540166009606,
        0.064944296354655,
        0.08872755491425656,
        0.04070003137008582,
        0.032403742870600126,
        0.09803128681207571,
        0.06187025670639333,
        0.08915486625574613,
        0.015697340037766485,
        0.04072204581318677,
        0.003674894910895783,
        0.09132613924002615,
        0.006919869005052484,
        0.0915986950171076,
        0.05972921520754361,
        0.02709247157182588,
        0.08359308845366964,
        0.022228462019086955,
        0.057172159254487924,
        0.038090102606521514,
        0.08037209794142768
    ],
    "poisson_generators_edges": [
        "186",
        "349",
        "-191",
        "-1431",
        "362",
        "211",
        "-1446",
        "11",
        "56",
        "-456",
        "695",
        "-11",
        "479",
        "673",
        "267",
        "685",
        "-631",
        "621",
        "-203",
        "-419",
        "323"
    ],
    "turned_off_traffic_lights": []
}