{"DURATION": 3600, "INIT_DELAY": 10, "ITERATIONS": 3, "intensities": [0.3839297532289378, 0.46717694346731536, 0.10121222475918741, 0.23157277671117243, 0.3581674409038561, 0.41482977344665306, 0.1823203777111526, 0.05916855537389028, 0.20733764900789708, 0.05642291693492507], "poisson_generators_edges": ["-10183", "-10239", "-10260", "-10254", "-10068", "-10181", "-10224", "-103", "-10201", "-101"]}