{
    "DURATION": 1000000,
    "INIT_DELAY": 10,
    "ITERATIONS": 5,
    "PART_OF_THE_PATH": 0.3,
    "CHECK_TIME": 100,
    "CPU_SCALE": 2,
    "intensities": [
        0.05638340320444728,
        0.08932027056678166,
        0.03330469670004835,
        0.08077561830476054,
        0.024003602027350687,
        0.08785610246568464,
        0.030075818279188565,
        0.06703784297502517,
        0.09292722737453571,
        0.08708761086254503,
        0.06601331832438827,
        0.026845452296837265,
        0.08000250108328182,
        0.01712034811357967,
        0.08677407692218633,
        0.007816532003637595,
        0.013467815554598323,
        0.06232482489631988,
        0.07187159579158028,
        0.08148236480483226,
        0.07831956595575253
    ],
    "poisson_generators_edges": [
        "-1281",
        "-18",
        "-44",
        "635",
        "800",
        "-625",
        "333",
        "386",
        "-416",
        "-769",
        "621",
        "-245",
        "180",
        "-817",
        "-1399",
        "703",
        "-5",
        "619",
        "47",
        "1343",
        "-671"
    ],
    "turned_off_traffic_lights": []
}