{"duration": 3600, "initialization_delay": 20, "iterations": 10, "intensities": [0.17414194570796362, 0.03702069356651185, 0.3783027967620966, 0.23367988466241424, 0.15978783727514229, 0.33831380809400596, 0.07461156665608337, 0.07432695723400592, 0.48212769379648834, 0.14988277987540388, 0.27343603095309765, 0.0674389213538269, 0.4172237810099839, 0.357449358139346, 0.43687791384738367, 0.013800211681009663, 0.1681783630773701, 0.3344641452976546, 0.4685163123472215, 0.3301591147444991, 0.03400167890839643, 0.3106637748023327, 0.4991175866585383, 0.16784241224939667, 0.43133274124585275, 0.2525465683173771, 0.08457274088868724, 0.17315499792448438, 0.36758057105672304, 0.33965639015895976, 0.19736931561669663, 0.05514896019622945, 0.06990940653609655, 0.34708526749515267, 0.04962949756430846, 0.11632525481385238, 0.2965857805037062, 0.43764468774928966, 0.47288137702745686, 0.33583878474750545, 0.1401143942593385, 0.09843590193460111, 0.31718085616386643, 0.28414503175240663, 0.47781464970587606, 0.12120618863750249, 0.4861869374162473, 0.09415558010552456, 0.24043453616917979, 0.17047438958223327, 0.1449207593100688, 0.20374768179018646, 0.37851005872506627, 0.04474478715837017, 0.054527915324909394, 0.04620537485464944, 0.0062323256766939, 0.22530393282807462, 0.19715132141234254, 0.2007076098037677, 0.39294915480370385, 0.20064477128997155, 0.4932256154957718, 0.45284576361986956, 0.059335027398525406, 0.47897644934783895, 0.4311102456542373, 0.4351270596599662, 0.4156005056739911, 0.42102690754723043, 0.08466852177584795, 0.193403593393661, 0.019553278627864216, 0.24938223984297883, 0.3754257220263578, 0.21423261126541318, 0.012520349776587178, 0.355219732622135, 0.12843323617928837, 0.1676575034568669, 0.004294662028114399, 0.41010572923479144, 0.18365909130419983, 0.3030354794071019, 0.4808969182170357, 0.05358753832220997, 0.2289133316896421, 0.34790522685446396, 0.18403941451472017, 0.3638199453253351, 0.488765946973477, 0.2764288623475385, 0.4635902881131464, 0.20358566834355332, 0.0357459308057992, 0.3281301519357465, 0.2733794141229419, 0.4341176070384268, 0.49031428044877107, 0.029728005493355237], "poisson_generators_edges": ["-248074", "301338", "295364", "-69220", "152327", "-254473", "-58721", "-81922", "-317900", "-38638", "271423", "-290645", "-55916", "378810", "-12924", "561", "-130948", "-33699", "149807", "251593", "216711", "184433", "-95481", "-333263", "-329442", "232968", "206641", "373186", "-200658", "-292561", "261822", "160610", "-80487", "58759", "-348265", "-90476", "87272", "-278956", "240640", "-315346", "353222", "-171416", "148017", "-243983", "299016", "363325", "-298249", "91285", "370658", "394845", "-316008", "349235", "240799", "-134595", "-236355", "297809", "-129132", "387256", "-24917", "-225408", "200995", "-184111", "-224097", "36940", "-69366", "-51762", "-131761", "398101", "-367688", "1653", "-230190", "-76010", "-29988", "261936", "-19507", "-114661", "-312128", "298854", "25269", "27246", "366075", "307918", "-243031", "23713", "-43641", "-195985", "26237", "342305", "-281217", "-45762", "153525", "-30452", "58426", "157924", "49192", "-129461", "-242139", "230192", "149806", "74886"]}