{
    "DURATION": 3000000,
    "INIT_DELAY": 20,
    "ITERATIONS": 10,
    "PART_OF_THE_PATH": 0.3,
    "CHECK_TIME": 100,
    "CPU_SCALE": 2,
    "intensities": [
        0.0028130343133183733,
        0.0007733150627646313,
        0.0022365384794326196,
        0.002056685622492869,
        0.0021457627658079733,
        0.0026370414673970053,
        0.002667779104312299,
        0.0014195020610419358,
        0.0018726631387548046,
        0.001462622987507128,
        0.0013247633657619763,
        0.0025642327594143726,
        0.002258429091238012,
        0.0013168312942420856,
        0.0027903561640794977,
        0.002879527869827199,
        0.0029063362009340934,
        0.0007864786793621433,
        0.0016114483310473078,
        0.0019387169049060724,
        0.0029988403404851665,
        0.002735658792299299,
        0.0013986261514277092,
        0.001460681601769863,
        0.0016415437735724857,
        0.002135749632840873,
        0.0027769654431230467,
        0.0020959514412319065,
        0.0017737468429087195,
        0.0016599064150241874,
        0.0019167451794735737,
        0.0028615912631043024,
        0.0018949504433040448,
        0.0006743409807112028,
        0.0013996502941489002,
        0.0029088454611621625,
        0.0019528208212900547,
        0.0020272560982183144,
        0.0026768388338561664,
        0.000768946603831294,
        0.0006141432646942302,
        0.002014688711238593,
        0.002284079187004716,
        0.0018299185901114027,
        0.00288040691624714,
        0.0015118902521690026,
        0.0014661909893742401,
        0.0024689114388820703,
        0.001519745475038606,
        0.0007050363394272371,
        0.0024871048152094936,
        0.0018496287479151346,
        0.0023350743314753774,
        0.0019015999150652722,
        0.0007056299408068907,
        0.0015566407395797197,
        0.0019806984883228634,
        0.0008851832038258938,
        0.0011530333762090521,
        0.0014734558404423126,
        0.0008941991434831821,
        0.0012299302922330303,
        0.0024800440641910104,
        0.0017357959208652808,
        0.0012468817932945308,
        0.0009750579669064892,
        0.0010524200396189794,
        0.0013127399474979714,
        0.0014714249469343606,
        0.0027907325995831416,
        0.0028947662994980466,
        0.0021946484602154,
        0.00078255734698386,
        0.0028402493844328198,
        0.0014523162241043032,
        0.0015667937619797258,
        0.001409597178639557,
        0.0018104842723293394,
        0.0009502301621426241,
        0.0018627122673084352,
        0.0010294780731155643,
        0.0024974906347001893,
        0.0029949642418415356,
        0.0028166818673569494,
        0.0011180968273325135,
        0.0012293380281798581,
        0.0026633570876464373,
        0.0016082516260483943,
        0.0015885445213653458,
        0.001135472103179042,
        0.0014669867320701731,
        0.0006879409034793252,
        0.0025772307834736725,
        0.0019904175106942716,
        0.0013696358389662826,
        0.0022476593480295053,
        0.0008505967865405438,
        0.0022451507629747823,
        0.0023455691374282533,
        0.0011075091258982068,
        0.002043544563797156,
        0.000974856188632016,
        0.0014419789944636607,
        0.0014016292435671033,
        0.0021301995701314956,
        0.0013654136571654746,
        0.002003742758518912,
        0.0015039013001257717,
        0.002448796594995478,
        0.0016480190849651045,
        0.0014217482655615268,
        0.000882460953278414,
        0.0008210933267140543,
        0.0009656651449799789,
        0.0013365626754969788,
        0.0011182135764892156,
        0.0012945486787013347,
        0.0022184217833652754,
        0.001385562494416141,
        0.0009622725938587416,
        0.002591313014456619,
        0.001542289491879659,
        0.002858365224859325,
        0.0015374669832339024,
        0.0017825460999564245,
        0.0017958096129630937,
        0.0011469365914126162,
        0.0011657862914622144
    ],
    "poisson_generators_edges": [
        "704",
        "95",
        "44",
        "-26",
        "53",
        "-1431",
        "-198",
        "231",
        "763",
        "382",
        "28",
        "5",
        "1431",
        "-1455",
        "1114",
        "-5",
        "-1094",
        "-15",
        "692",
        "-1195",
        "1195",
        "1172",
        "-780",
        "-1479",
        "76",
        "-1932",
        "210",
        "772",
        "-643",
        "-95",
        "-1777",
        "112",
        "675",
        "-850",
        "-1898",
        "260",
        "1085",
        "-801",
        "-1648",
        "58",
        "780",
        "63",
        "-792",
        "-1453",
        "-245",
        "-694",
        "-1906",
        "-207",
        "-763",
        "652",
        "-1785",
        "-11",
        "-1424",
        "-813",
        "-63",
        "-1265",
        "-1283",
        "-1652",
        "694",
        "-231",
        "-256",
        "45",
        "-1418",
        "209",
        "-53",
        "792",
        "-260",
        "18",
        "3",
        "-76",
        "26",
        "1092",
        "-3",
        "255",
        "-255",
        "198",
        "681",
        "-1650",
        "-58",
        "-1485",
        "-1489",
        "-1631",
        "-44",
        "1650",
        "21",
        "242",
        "-224",
        "-692",
        "207",
        "-210",
        "-1085",
        "-772",
        "1489",
        "-1916",
        "-45",
        "801",
        "-1114",
        "256",
        "-158",
        "1648",
        "924",
        "15",
        "-652",
        "-1781",
        "-209",
        "-681",
        "-1172",
        "-18",
        "-924",
        "-382",
        "-778",
        "1094",
        "245",
        "-1152",
        "-21",
        "1652",
        "-1609",
        "-675",
        "1609",
        "-704",
        "643",
        "-242",
        "1453",
        "11",
        "-112",
        "224",
        "-28",
        "-1092"
    ],
    "turned_off_traffic_lights": []
}