{
    "DURATION": 6000000,
    "INIT_DELAY": 20,
    "ITERATIONS": 10,
    "PART_OF_THE_PATH": 0.3,
    "CHECK_TIME": 100,
    "CPU_SCALE": 2,
    "intensities": [
        0.008444944592719347,
        0.00822114026903425,
        0.012123543409696567,
        0.01058612746559981,
        0.014253590838107934,
        0.011836108133462198,
        0.009398101607893979,
        0.013350196164731596,
        0.008013430668240647,
        0.012762560600350891,
        0.008117170410272066,
        0.012733839603025631,
        0.012394642058633082,
        0.013223106871109117,
        0.014690324578751149,
        0.012356213575602473,
        0.007968993928571295,
        0.009617626923626879,
        0.011621366637234065,
        0.012931797115676932,
        0.010878004585794545,
        0.010999066154138067,
        0.013453149094353372,
        0.008892684466781639,
        0.00837229435017931,
        0.008734655519822627,
        0.00839890776183977,
        0.014849317169028,
        0.012976540391357809,
        0.012372027174448453,
        0.010021101864313335,
        0.01035024707863516,
        0.013890103897571506,
        0.014015795911060412,
        0.008156225548558035,
        0.008384487029240347,
        0.009215110775047872,
        0.014992763703763286,
        0.011646537029389798,
        0.012521430947625787,
        0.012121550645365492,
        0.012206752324853685,
        0.012888281417395162,
        0.008128508947978414,
        0.01139641579519575,
        0.01079023296656284,
        0.009454570313520821,
        0.01030341555078634,
        0.01159252355127827,
        0.007909520060480868,
        0.009225443453631497,
        0.008325498037667509,
        0.007959584291722766,
        0.012458459980614185,
        0.012184217281364587,
        0.01037530356292514,
        0.012963523520181569,
        0.008488452520001686
    ],
    "poisson_generators_edges": [
        "801",
        "112",
        "1489",
        "-813",
        "255",
        "-1781",
        "242",
        "-1609",
        "-1283",
        "-1424",
        "11",
        "-778",
        "53",
        "1453",
        "-256",
        "-1898",
        "-1777",
        "-1916",
        "1195",
        "675",
        "-44",
        "-1932",
        "-1785",
        "1085",
        "-1485",
        "-850",
        "-1152",
        "704",
        "-1265",
        "44",
        "-224",
        "-1092",
        "792",
        "45",
        "-792",
        "-209",
        "681",
        "-26",
        "-1906",
        "780",
        "-675",
        "-1631",
        "-772",
        "-1418",
        "-763",
        "772",
        "-53",
        "-158",
        "-1479",
        "-1455",
        "-3",
        "1648",
        "-255",
        "-1652",
        "-112",
        "-1172",
        "-1094",
        "-382"
    ],
    "turned_off_traffic_lights": []
}