{"DURATION": 3600, "INIT_DELAY": 10, "ITERATIONS": 2, "intensities": [0.32833835934481886, 0.4849082089287709, 0.2157304477259337, 0.26295071941190584, 0.1754409536164999, 0.11787655853360003, 0.06949357794444432, 0.41023145157774854, 0.36136700775556885, 0.21339968559480332], "poisson_generators_edges": ["24454", "1516", "-234", "-3527", "9518", "5950", "-34129", "-6785", "6646", "8840"]}