{"duration": 3600, "initialization_delay": 10, "iterations": 5, "intensities": [0.49190411788039523, 0.4616072243375306, 0.2640194907833431, 0.08522161831967522, 0.1342029192463484, 0.48163040656248146, 0.3692761773995142, 0.1078740358956719, 0.46668145245751186, 0.14975911862190977], "poisson_generators_edges": ["-10084", "-10119", "-10114", "-10087", "-10106", "-10110", "-10090", "-10117", "-100", "-1009"]}