{"DURATION": 3600, "INIT_DELAY": 10, "ITERATIONS": 3, "intensities": [0.4944346382364378, 0.022910248956650548, 0.3975525846010933, 0.44484086340312406, 0.25222078814483473, 0.3664824847946953, 0.286447866422328, 0.3001858619158405, 0.41605127742270887, 0.1173707781594961], "poisson_generators_edges": ["12919", "12275", "30453", "79", "-21101", "-8433", "234", "-37269", "14648", "-34074"]}