{
    "DURATION": 50000,
    "INIT_DELAY": 10,
    "ITERATIONS": 10,
    "PART_OF_THE_PATH": 0.5,
    "CHECK_TIME": 100,
    "intensities": [
        0.07630347813226877,
        0.008872108377886736,
        0.008033659436648017,
        0.014207357002946154,
        0.01385144742254561,
        0.08863241369935515,
        0.03721782557082526,
        0.058774463870504445,
        0.0952886069262526,
        0.05350849329546485,
        0.08511745177817082,
        0.015015720251484092,
        0.053764474043485666,
        0.08846273139244507,
        0.05390882022281677,
        0.076920098908446,
        0.021842108438089793,
        0.06032027790693111,
        0.009634529814607537,
        0.06304006468184692,
        0.06916769881065922,
        0.0025070081794292477,
        0.08850100451591819,
        0.002336913657103213,
        0.06191788326935989,
        0.02670436170179594,
        0.04094243565912497,
        0.01267819511133778,
        0.0871579053947973,
        0.07536542550523502,
        0.039036635020684086,
        0.040408786651876485,
        0.0022336038992973113,
        0.08990670586158193,
        0.010750053704322684,
        0.05238263076468318,
        0.024825706462093162,
        0.09699830920484549,
        0.042698050391787326,
        0.06792308081643751,
        0.058900367025952874,
        0.032653441039493594,
        0.029783353811187057
    ],
    "poisson_generators_edges": [
        "5660",
        "-5336",
        "-3967",
        "2771",
        "4914",
        "-4243",
        "403",
        "3975",
        "-3110",
        "-81",
        "-4080",
        "5785",
        "-6453",
        "-4090",
        "-4514",
        "-6251",
        "-5633",
        "-391",
        "5645",
        "-1842",
        "-5226",
        "2543",
        "-4068",
        "-849",
        "5226",
        "157",
        "6146",
        "778",
        "-1645",
        "-1365",
        "-2983",
        "4149",
        "-1152",
        "-4888",
        "-4762",
        "-6300",
        "-5441",
        "-869",
        "2399",
        "273",
        "-97",
        "6338",
        "1657"
    ],
    "turned_off_traffic_lights": [
        "1655",
        "1201",
        "5959",
        "1682",
        "1628",
        "4766",
        "3378",
        "742",
        "78",
        "1203",
        "2523",
        "425",
        "734",
        "6103",
        "753",
        "5206",
        "1607",
        "5784",
        "846",
        "2770",
        "3966",
        "4177",
        "4206",
        "779",
        "4353",
        "6066"
    ]
}