{
    "DURATION": 48000000,
    "INIT_DELAY": 20,
    "ITERATIONS": 10,
    "PART_OF_THE_PATH": 0.3,
    "CHECK_TIME": 100,
    "CPU_SCALE": 2,
    "intensities": [
        0.0035988098855454682,
        0.004898669771460645,
        0.003496062382242549,
        0.003954313200464589,
        0.004275265466937313,
        0.003542572140144239,
        0.003252436985730492,
        0.0027535550634982795,
        0.003338921374818229,
        0.004968519388822097,
        0.002948392214611901,
        0.003195664491038314,
        0.003656165831302324,
        0.003368607953042056,
        0.0027727017371600884,
        0.00491470470919147,
        0.004157684079425444,
        0.0030699340206993353,
        0.004713454841747437,
        0.004417979767404395,
        0.003655295502570907,
        0.002809417860301823,
        0.002603373358220062,
        0.004731942280028446,
        0.004303677522269433,
        0.0030301259548353807,
        0.004423915242847738,
        0.004417072630451602,
        0.004777166399889968,
        0.004247272284197979,
        0.0029378627374279055,
        0.0033195547618206063,
        0.004046350263087664,
        0.004148662611010202,
        0.00426173023228385,
        0.0044727298286051705,
        0.0036221882492427655,
        0.0044886625931662896,
        0.004326554025038825,
        0.003955565348971714,
        0.003692394057284224,
        0.003357523056464066,
        0.0033011621479194595,
        0.003008312540245161,
        0.003891857378653031,
        0.0036914908605335775,
        0.002606410694737073,
        0.0042044492446517865,
        0.0046690074273118155,
        0.004227432568405328,
        0.0037580100092411677,
        0.0029134753109447895,
        0.004633047351831103,
        0.0036652181799453737,
        0.0042362436358592825,
        0.0027653089819147563,
        0.003966535138493977,
        0.003999399944030424,
        0.0031009149729246243,
        0.002562327809096819,
        0.0027171592773741586,
        0.004316778726589541,
        0.004867498098352674,
        0.0034530648550037115,
        0.004570077204401647,
        0.0025767601543053927,
        0.002609359306063993,
        0.0029527405976272074,
        0.004362997512130415,
        0.003837192167620001,
        0.0025440558398097703,
        0.004846072395021233,
        0.003925073047867285,
        0.0030331422918025703,
        0.004584044981547585,
        0.00351699580509338,
        0.004654450419168194,
        0.0044246112560245975,
        0.0049371815310160745,
        0.00468578590998921,
        0.004509369741053589,
        0.004794603422178697,
        0.004598980731310264,
        0.0038643756628821985,
        0.0041610201357428446,
        0.0027819623401298572,
        0.004515005470716848,
        0.0037675556903395877,
        0.003774108909500926,
        0.0038805193027991428,
        0.004868670141425332,
        0.004233005339720932,
        0.0043803935069653506,
        0.003383152284850535,
        0.0031301533220288408,
        0.0033967676995268563,
        0.004211323788301411,
        0.004146526695147104,
        0.004928812300450272,
        0.0031470608599264375,
        0.0028137084497807828,
        0.004617127291032995,
        0.003614256535096755,
        0.0036938431559824353,
        0.002841873552319546,
        0.0036726416075559265,
        0.004871571990066604,
        0.0033349434558399395,
        0.004001509577057298,
        0.0028461253705227654,
        0.004061631734037133,
        0.004450984374234977,
        0.004756171060963212,
        0.0026315700706776566,
        0.004681561894869894,
        0.003854116272969532,
        0.0026145918806177353,
        0.004179053132601539,
        0.0034478817815465452,
        0.004899319826606957,
        0.00487595914469288,
        0.004039656371315766,
        0.0027643695895609604,
        0.004585736424644925,
        0.003782814671129014,
        0.004463473023383919,
        0.00370759786865361,
        0.0029113021664147008,
        0.002972192230943652,
        0.004738719095002648,
        0.00455649486386482,
        0.00467297306919103,
        0.003620199336831587,
        0.0034805494084687773,
        0.004575359273173705,
        0.0036700700455081373,
        0.0035653314044937516,
        0.002551605865347897,
        0.003997311950084002,
        0.0030299557486843745,
        0.003847117837397606,
        0.004207228069821823,
        0.004884931812192309,
        0.0036115215066766402,
        0.002624399362080895,
        0.004366480742467621,
        0.0039722329728667264,
        0.004269632259143485,
        0.0032488230968888247,
        0.004072442996968214,
        0.002690972342518914,
        0.004071056199021321,
        0.002833763088977725,
        0.002746512935113914,
        0.0037624937069661805,
        0.004393894647256999,
        0.002656500605350794,
        0.004955141450093329,
        0.0032623667912678703,
        0.0032004492353126905,
        0.0033977855394400486,
        0.003979581037629809,
        0.0036372952539171664,
        0.003466698911144435,
        0.004404092988983939,
        0.0049760202959022405,
        0.0031885362781394985,
        0.0030989811186944278,
        0.0027325728613599434,
        0.0030416578528337426,
        0.002596648883689378,
        0.003206925714170673,
        0.003763264017646549,
        0.0037154191753973175,
        0.004531799949246155,
        0.004156218768347434,
        0.003332891257206321,
        0.004567163354847683,
        0.00363760809848667,
        0.0027995839707391818,
        0.0033599205557146017,
        0.003393200564537829,
        0.004081066169796796,
        0.003442971013399264,
        0.0042851201439462645,
        0.004736464071237811,
        0.0036473165054972086,
        0.003480275333898159,
        0.00402865000592458,
        0.0037768668872813363,
        0.003361494111130816,
        0.004996153702595938,
        0.004652142864042159,
        0.004466730630204238,
        0.004296627331774677,
        0.0029359881638722054,
        0.0026213372501076586,
        0.002627775635565753,
        0.004233521405267255,
        0.0030358705026713013,
        0.003729178575165886,
        0.004227886029172856,
        0.003568973683646461,
        0.004568934151307992,
        0.003625626664270546,
        0.004318641025545617,
        0.004829094122461166,
        0.0037313734445963863,
        0.004055841046295262,
        0.004036619830270314,
        0.003953635326212544,
        0.004174723221501786,
        0.003555363393628932,
        0.0030273919350058145,
        0.002980249686207743,
        0.002843791249490044,
        0.0038446818398154415,
        0.004180669852427787,
        0.00398955386147102,
        0.002780908725558827,
        0.0033159024188343838,
        0.004004055121487507,
        0.003961821470418454,
        0.00373386669347495,
        0.003233491963131214,
        0.002928612988950581,
        0.004836232378043705,
        0.004925116182727155,
        0.004364944789983455,
        0.003693680121313324,
        0.003756810030189666,
        0.002867040896516214,
        0.0030021416737548087,
        0.003932958785016852,
        0.004519009743540007,
        0.003107603086347817,
        0.002916902640983505,
        0.0035494966192021445
    ],