{
    "DURATION": 48000000,
    "INIT_DELAY": 20,
    "ITERATIONS": 10,
    "PART_OF_THE_PATH": 0.3,
    "CHECK_TIME": 100,
    "CPU_SCALE": 2,
    "intensities": [
        0.009740291721614662,
        0.009535361263278811,
        0.008422570988596589,
        0.005322791293030621,
        0.008890887194010154,
        0.00635344944081462,
        0.007437593781020138,
        0.00884065941032045,
        0.008922669635996215,
        0.0075627849685519,
        0.007221219539117959,
        0.0075803835568033755,
        0.009415330340582995,
        0.007032416929046872,
        0.006173766953928442,
        0.009146288868261066,
        0.007781724856791097,
        0.007207976660620287,
        0.006759193975497559,
        0.0052771424473940926,
        0.007994353618280811,
        0.006419501379260768,
        0.0052767280248444725,
        0.006695205462241315,
        0.006895871328092232,
        0.008211396347802467,
        0.007961283149249076,
        0.008066092960003596,
        0.005202762274974439,
        0.008547973982957908,
        0.007392748161339812,
        0.00677209640829584,
        0.009125542255256858,
        0.006813428283832558,
        0.006239690313084,
        0.005533994274685127,
        0.009663568731834112,
        0.005285064284957188,
        0.008646660537358582,
        0.008392436322968148,
        0.006014243777041912,
        0.00724900142166191,
        0.00815661721634782,
        0.005133814581226942,
        0.0077349288201396076,
        0.006270700887562502,
        0.009762474081521633,
        0.00937552288266507,
        0.009046802941910351,
        0.006354081092108538,
        0.0070216969804607655,
        0.008787859059410505,
        0.005702710331174449,
        0.005258609166099148,
        0.00866319566773121,
        0.005277040844622727,
        0.007413921281033765,
        0.007492792702283164,
        0.008991187848003346,
        0.008150405530914607,
        0.00688868332808761,
        0.009011531640651563,
        0.008043940460286489,
        0.009037205682480771,
        0.005918807376260718,
        0.008925426757202416,
        0.0063536235161588805,
        0.009660862643124978,
        0.005242957184417797,
        0.00607715386480146,
        0.00544325339361756,
        0.005600867590685798,
        0.007237900214040043,
        0.008268686260525564,
        0.00796214483436624,
        0.007070609727613839,
        0.005872275684521885,
        0.009505275931406737,
        0.009969919959278938,
        0.00526880277584655,
        0.005449428781632135,
        0.0069846635827980254,
        0.007423503321222728,
        0.009822522931949039,
        0.007182181390330718,
        0.008179435848876477,
        0.005130228354400578,
        0.007526003953724934,
        0.0061495094136657935,
        0.006296332364618514,
        0.006860285599858818,
        0.006959740853306699,
        0.006060226694675255,
        0.009059500897114686,
        0.008293825636514266,
        0.006595787158260752,
        0.008671928849124216,
        0.005902076745637424,
        0.008028898221266118,
        0.009098090688430054,
        0.00591845904464808,
        0.0058549066176577964,
        0.006723744079904271,
        0.007650582851762625,
        0.005355677969778586,
        0.008144948996028764,
        0.006550508511712938,
        0.007459515502039981,
        0.008702132197192257,
        0.00832768926678529,
        0.009754888614496996,
        0.005566958904835906,
        0.007067257416056234,
        0.007148511099393255,
        0.009300659986047729,
        0.006848348141336615,
        0.007718320303841345,
        0.0053320759702704095,
        0.005463975211735914,
        0.007626659007347021,
        0.0090705696115258,
        0.007667414450973392,
        0.009789346239139872,
        0.0074941017265273534,
        0.009481946219406541,
        0.005151679770832167,
        0.0075911107169648415,
        0.007546428889719691,
        0.005051634724921494,
        0.009402924883763809,
        0.005998327435369845,
        0.005941790362847819,
        0.007097205404339708,
        0.006865492919604074,
        0.005396051534167839,
        0.009050321363295975,
        0.008999605810663794,
        0.009931412055831052,
        0.009848821858141102,
        0.006569559841625255,
        0.007590769154130875,
        0.0054318462698021335,
        0.005911004107905641,
        0.005777317387799592,
        0.00667886731696588,
        0.009164633422651362,
        0.0057903293153446275,
        0.0067339666519496515,
        0.009933212961071088,
        0.005830454513367137,
        0.008712001672163813,
        0.008521676417611458,
        0.006326143359170075,
        0.007135670441396779,
        0.008156775029427018,
        0.008296656385577562,
        0.009548863413154932,
        0.007035980541105937,
        0.007942912097149687,
        0.00793735443839815,
        0.005766017823852574,
        0.008643658478665751,
        0.005686909604420074,
        0.007810341271314934,
        0.009837455282263232,
        0.007481876340660351
    ],
    "poisson_generators_edges": [
        "-1244",
        "-643",
        "-223",
        "663",
        "223",
        "1105",
        "-2547",
        "-2508",
        "-2541",
        "1268",
        "196",
        "983",
        "1758",
        "-981",
        "-1264",
        "-2333",
        "-349",
        "-1396",
        "-2381",
        "1460",
        "75",
        "2297",
        "2375",
        "-653",
        "489",
        "-87",
        "1244",
        "5",
        "-1765",
        "922",
        "477",
        "-1788",
        "-1784",
        "30",
        "-983",
        "-2537",
        "-1577",
        "-23",
        "2192",
        "38",
        "-1283",
        "643",
        "724",
        "-1581",
        "23",
        "-2369",
        "-2533",
        "-30",
        "1926",
        "-2371",
        "1461",
        "-3",
        "629",
        "-513",
        "3",
        "-2510",
        "-1579",
        "-740",
        "-2526",
        "-334",
        "934",
        "688",
        "-330",
        "-1599",
        "-1948",
        "-934",
        "2364",
        "918",
        "1455",
        "-2192",
        "-1956",
        "77",
        "885",
        "-495",
        "1396",
        "-1090",
        "-914",
        "1780",
        "58",
        "-2558",
        "-1105",
        "-2572",
        "-2560",
        "-1586",
        "1920",
        "347",
        "513",
        "-1455",
        "653",
        "-2354",
        "-1253",
        "-52",
        "2335",
        "-1920",
        "1708",
        "60",
        "-1728",
        "-1797",
        "900",
        "-2564",
        "966",
        "-1107",
        "-1439",
        "1086",
        "-688",
        "-930",
        "2352",
        "-713",
        "-196",
        "-753",
        "753",
        "631",
        "-2330",
        "-629",
        "198",
        "-75",
        "-777",
        "2070",
        "726",
        "-1428",
        "-347",
        "-661",
        "-674",
        "-885",
        "-211",
        "87",
        "-2364",
        "-1422",
        "-1254",
        "-38",
        "684",
        "-726",
        "27",
        "-2398",
        "-769",
        "920",
        "2330",
        "1797",
        "736",
        "1428",
        "1088",
        "-60",
        "1784",
        "330",
        "200",
        "-46",
        "1586",
        "981",
        "-890",
        "-2531",
        "2354",
        "1577",
        "-2545",
        "695",
        "-2297",
        "204",
        "217",
        "-27",
        "1226",
        "-2553",
        "1279",
        "-736",
        "-900",
        "1283",
        "-70",
        "1728"
    ],
    "turned_off_traffic_lights": []
}