{
    "DURATION": 48000000,
    "INIT_DELAY": 20,
    "ITERATIONS": 10,
    "PART_OF_THE_PATH": 0.3,
    "CHECK_TIME": 100,
    "CPU_SCALE": 2,
    "intensities": [
        0.00616706555575923,
        0.007414213584733103,
        0.0071760162596170825,
        0.005949453699809876,
        0.005904507833785693,
        0.005270308002796967,
        0.004337455108362297,
        0.005955137288417445,
        0.0070166726945204505,
        0.0053376206667625214,
        0.006086855217259636,
        0.006432160868678263,
        0.006178991553984842,
        0.006982265911263957,
        0.007420784221297534,
        0.007248988775095998,
        0.0062371507315750994,
        0.005755168347797268,
        0.006730527581064068,
        0.004425784009002824,
        0.004839358174319247,
        0.007294231979488194,
        0.0072323635482398705,
        0.005113345710044,
        0.005829029011419965,
        0.00413869440797771,
        0.007595287333931668,
        0.005610570928947755,
        0.00646525614724874,
        0.007835892782179828,
        0.0047838749073175904,
        0.0066468232629612375,
        0.0077838367686155615,
        0.004226040782888252,
        0.005405105276436885,
        0.006853768102750884,
        0.005894710693438044,
        0.005291373586554212,
        0.00616479005837454,
        0.0041788013322126135,
        0.006515629947195178,
        0.006667110784719573,
        0.005297265611755579,
        0.007638368820357658,
        0.006432499355846064,
        0.006845658137475224,
        0.0073425316620021885,
        0.006752849333613687,
        0.005342711994161118,
        0.005764871949473059,
        0.0059524423460090665,
        0.004038931775841911,
        0.00640544858810212,
        0.004888607894605276,
        0.00540448589253633,
        0.006958921654781588,
        0.005660224527398403,
        0.007168527432574004,
        0.007053933110498262,
        0.0050139382172153454,
        0.005347423655568479,
        0.004446572005373934,
        0.004213840214124769,
        0.004177759880251707,
        0.005661214242709376,
        0.004015120999150642,
        0.007304282812997479,
        0.004809061977737103,
        0.006418553407332989,
        0.004205179088519136,
        0.0046496154116509834,
        0.004080722435923281,
        0.007361703585028764,
        0.007755302560908017,
        0.006473323860014032,
        0.007842484158098954,
        0.006508483558290098,
        0.005262668481556321,
        0.007155186039135487,
        0.004554829877212233,
        0.00502210592999554,
        0.006960554901144847,
        0.006180795070639452,
        0.007535555419416037,
        0.00407192189841536,
        0.005177800178090249,
        0.005624127340292332,
        0.005175310703281683,
        0.0077474561643820945,
        0.0070772954856529804,
        0.00619406715671901,
        0.004358814760261887,
        0.004762475382220759,
        0.004601839568326107,
        0.007020160156293767,
        0.005107253375408837,
        0.005705650625204953,
        0.004490604478931302,
        0.005922795371842765,
        0.005678214993065249,
        0.005770049796648665,
        0.006340079995143176,
        0.007157926854055929,
        0.00716458388142831,
        0.006748878061865554,
        0.005214926540294798,
        0.0055961008952058475,
        0.007583102711736326,
        0.0062185127445328284,
        0.007226109442995964,
        0.006961088831053071,
        0.0064612618670299125,
        0.004049600716511562,
        0.00799643002938168,
        0.0075817239414203135,
        0.005528476217932462,
        0.005554591739281438,
        0.005290398737518387,
        0.007430342025449573,
        0.00591711313741141,
        0.005011191718083623,
        0.00605122235760033,
        0.006896984440810645,
        0.007232012452807313,
        0.005366208395312124,
        0.0079273181541018,
        0.005197368261184746,
        0.007171790242604717,
        0.004358490397389656,
        0.00574803199879873,
        0.004789701409973392,
        0.007641682609112755,
        0.005729391883327889,
        0.004120892471099541,
        0.004099799108595816,
        0.006453040543741155,
        0.004698188313939721,
        0.007290477697580724,
        0.007475716159386992,
        0.007530211426855984,
        0.007779109819005854,
        0.006278586933788228,
        0.004520643111374533,
        0.005950222070763378,
        0.005003828589396557,
        0.007092829920173313,
        0.006408130379854387,
        0.0059169135753771055,
        0.005576371536415844,
        0.00514038851238543,
        0.005818059906433016,
        0.007479207860438986,
        0.006109898684614178,
        0.006531126705683725,
        0.0067788618946752685,
        0.006619792128903677,
        0.004798949447267426,
        0.005911735092413389,
        0.006061900605924525,
        0.007205220016929035,
        0.006425123191533384,
        0.007719509978532175,
        0.005714294753088682,
        0.006520192844957978,
        0.005306870163724121,
        0.006494144897912009,
        0.006004148401421006,
        0.007218950043404835,
        0.006082678567212549,
        0.006121021332928054,
        0.004013575961884379,
        0.004018527621265541,
        0.004487129609023385,
        0.007769641636239029,
        0.004376584144476692,
        0.0067219111844270055,
        0.007382725218334649,
        0.004545611012353603,
        0.00588470430767259,
        0.006345316363558189,
        0.004527974683964363,
        0.0069440037818512285,
        0.006760627815119796,
        0.00643153467735664,
        0.007354114449087473,
        0.005881332267734557,
        0.004388469086005133,
        0.004473925065542172,
        0.005131702499538148,
        0.00766629537959849,
        0.006564491512426041,
        0.004752225618109066,
        0.005361864748786011,
        0.004928547449011468,
        0.0062648708424146975,
        0.004460730555414963,
        0.006739998830640465,
        0.006039750834228518,
        0.004375211521651406,
        0.0040642410354519015,
        0.006589179864759415,
        0.007365853247286893,
        0.005113035925013217,
        0.0065485903976531985,
        0.005120943988534871,
        0.00794574671089119,
        0.00401704777653591,
        0.004142866454158123,
        0.004037183416661708,
        0.005566274905718184,
        0.005056873092738756,
        0.005465506066241756,
        0.004321882123917844,
        0.007658103788027766,
        0.005512308194516899,
        0.005467347436667919,
        0.0048270982335621646,
        0.005608284368921145,
        0.005450216610613201,
        0.007607186744398923,
        0.0076470860716739385,
        0.007072930958759726,
        0.007535689175062166,
        0.006825145038601965,
        0.006034221444169053,
        0.007723677806768187,
        0.005318914001981529,
        0.005892928012628281,
        0.0071514247411512515,
        0.0060117774735259834,
        0.006076589395510908,
        0.004035446340198737,
        0.005888903275808251,
        0.007466858204984441,
        0.007993927898558531,
        0.005746571775478551,
        0.005845623430126726,
        0.007308479690573327
    ],