{
    "DURATION": 22500000,
    "INIT_DELAY": 20,
    "ITERATIONS": 10,
    "PART_OF_THE_PATH": 0.3,
    "CHECK_TIME": 100,
    "CPU_SCALE": 2,
    "intensities": [
        0.012320372273629667,
        0.00817315365793158,
        0.011060009818265146,
        0.007557472984381346,
        0.006479691161997379,
        0.011026561129742696,
        0.00914802249302588,
        0.008038479378938663,
        0.007165257637099276,
        0.007940617453302854,
        0.012337695793423054,
        0.011401936216172855,
        0.008434755625487362,
        0.009306070161180504,
        0.007858613770593059,
        0.0065065850252286755,
        0.00669581583708066,
        0.010959175473922455,
        0.007547716203166965,
        0.006770107321876817,
        0.009837893003197679,
        0.006677095702526268,
        0.008699239911781603,
        0.009646579795492818,
        0.012452353340081929,
        0.008730077280113439,
        0.012114674998954869,
        0.0063437423388585205,
        0.009331461782216178,
        0.011976498029913124,
        0.01133752070240608,
        0.007832174248296828,
        0.011123439174296536,
        0.006577174959225569,
        0.008666757681327462,
        0.011175253911018673,
        0.008816200724517893,
        0.008428454544365385,
        0.009407772169893011,
        0.010282630900140484,
        0.011620553162526361,
        0.006605173021108109,
        0.010160033495582931,
        0.011268224501699047,
        0.009725111994098395,
        0.011778374734593245,
        0.00985171846219931,
        0.009320747003456547,
        0.008472604578588071,
        0.0066468643403550685,
        0.008227342075142351,
        0.009016854073249451,
        0.007199619218064517,
        0.012259054938070557,
        0.011490312298037288,
        0.007910712930485064,
        0.012277070938944552,
        0.007583798875198846,
        0.008536079437396047,
        0.006934356589494789,
        0.00821319435468332,
        0.012414648621827031,
        0.006968096554437645,
        0.011525392134579145,
        0.010337411517726183,
        0.00899081859578132,
        0.007549344788631732,
        0.00934109582387136,
        0.010856209209796453,
        0.008972499694034342,
        0.009857384316626604,
        0.00803960088297602,
        0.010544402754374899,
        0.009357361418311625,
        0.010200426911194143,
        0.008024245145662206,
        0.0064759382981433074,
        0.009835053769421512,
        0.012037416916161775,
        0.012023802424097957,
        0.009808457881912279,
        0.008173395184848067,
        0.00804581674923736,
        0.012181917149883854,
        0.007012521477913731,
        0.011707095427400104,
        0.008911747988096883,
        0.007140675543073668,
        0.00836268433336258,
        0.00881407393562824,
        0.0075209711423307145,
        0.010784651788452386,
        0.008600339748115145,
        0.006833213773746258,
        0.00979035103901743,
        0.008537094397403702,
        0.008837942594314856,
        0.009572791314842647,
        0.009481388675674524,
        0.011770816667372216,
        0.008510505929992872,
        0.00803124983549755,
        0.011249023485915242,
        0.0114333559942425,
        0.009543955706655581,
        0.008597256729855823,
        0.008842327671763333,
        0.011023424237427581,
        0.010408347975465334,
        0.007097654271128222,
        0.010007271834186609,
        0.010895017237491918,
        0.010112385712981899,
        0.007859111102175433,
        0.010864752228422123,
        0.008169718293940012,
        0.009575836646132157,
        0.007906320174781498,
        0.007307321256083639,
        0.007413360378723912,
        0.008199083559018924,
        0.009017366161960588,
        0.011874592601785956,
        0.010715521841943163,
        0.009090630370471474,
        0.010657269967587391,
        0.01160961657659625,
        0.009227990737126997,
        0.00912812270122847,
        0.01074759912281794,
        0.010015085976944095,
        0.012314097237988077,
        0.008793127983120904,
        0.0070704026058819695,
        0.010036139204514726,
        0.012313500043416926,
        0.006599969809684452,
        0.011339929048061767,
        0.008309369661936128,
        0.011348984727059176,
        0.00865561508435128,
        0.010550448972073837,
        0.008346946709609051,
        0.007710146155109863,
        0.009683583997009672,
        0.012126749188793874,
        0.011368540397510587,
        0.00675093367796659,
        0.010948972570440637,
        0.011801310240776016,
        0.011847479439377378,
        0.01121698079048649,
        0.007835999201478152,
        0.008047501314263551,
        0.0064231843338218,
        0.008325671420892591,
        0.008521664521080823,
        0.008757699356055222,
        0.01232609017396697,
        0.007299628036931328,
        0.012144692728330065,
        0.010301033260883781,
        0.006775187667060585,
        0.007865303649379762,
        0.008621709472419662,
        0.009152871440903917,
        0.0068782831699313735,
        0.012368638385844415,
        0.00748796259074316,
        0.008207478695927667,
        0.006574920690642873,
        0.006329143042072162,
        0.006566681708102734,
        0.00756295511327251,
        0.009758789762349488,
        0.006665861720541032,
        0.008172161559214016,
        0.00957631966511353,
        0.0070344286416160855,
        0.01003805055786959,
        0.0074382095274983535,
        0.011181806720558888,
        0.00682658045668926,
        0.011104900441197845,
        0.010741202475985864,
        0.009368208388522554,
        0.00982706625540774,
        0.012299083558610356,
        0.009414130687104047,
        0.007611558382990928,
        0.007586094655019342,
        0.011651015938498592,
        0.010802105963406965,
        0.012316112792682823,
        0.009209594076313145,
        0.0062779540366792695,
        0.006401335924216901,
        0.012043785245355454,
        0.011663012376815829,
        0.00813771339391553,
        0.00928828189143649,
        0.01159232894416562,
        0.007478475171845996,
        0.01171687992233187,
        0.011773736003833437,
        0.01001083670255957,
        0.009883302679708047,
        0.010862160179336194,
        0.008629321667306325,
        0.012402193681118476,
        0.00715911201441243,
        0.006737335471068574,
        0.00823775558071927,
        0.007178600617234297,
        0.01015981276289465,
        0.012015699963011479,
        0.011227679521516737,
        0.011486046640912906,
        0.008562258573142575,
        0.011138596503872462,
        0.012455340198963157,
        0.010073001879301812,
        0.008216201715912235,
        0.01051859028022704,
        0.008833158884742887,
        0.01230934925450837,
        0.011912751024576536,
        0.008591520826423997,
        0.011213281569269568,
        0.007212497878220545,
        0.012184294598899477,
        0.012494336206207688,
        0.007613727216980117,
        0.007412969537833144,
        0.007468873273073992,
        0.010152038603690737,
        0.010709422161068682,
        0.010926930456753185
    ],