{
    "DURATION": 48000000,
    "INIT_DELAY": 20,
    "ITERATIONS": 10,
    "PART_OF_THE_PATH": 0.3,
    "CHECK_TIME": 100,
    "CPU_SCALE": 2,
    "intensities": [
        0.00279518971639727,
        0.003970794503987459,
        0.0024180433246707004,
        0.002269238977431073,
        0.0031327861328445386,
        0.0020627911441564936,
        0.0031827951656267723,
        0.002066846340190481,
        0.003236772707479329,
        0.003925122113611433,
        0.003929594179550602,
        0.003999705999646653,
        0.0035898075787873514,
        0.0032171648308676653,
        0.0037599892720476752,
        0.002310853878395904,
        0.003536290441992433,
        0.003421325992673625,
        0.0026946579977453564,
        0.003029932860581768,
        0.002440964342814319,
        0.0023798113562302063,
        0.0023882391170727585,
        0.0026435305825304256,
        0.00375121340510975,
        0.0035883093373051548,
        0.003252801455646406,
        0.0027377613371871302,
        0.0022346664396009318,
        0.0032795982091409588,
        0.0026217223432144585,
        0.003001984205944982,
        0.003972095809137808,
        0.00259882843731695,
        0.0037401161310506486,
        0.0034547561966903452,
        0.0030010446050051055,
        0.0037226710477257664,
        0.003469374012729041,
        0.0028378706254596556,
        0.002551115021773881,
        0.0023900164433306283,
        0.0025328388644379266,
        0.002138264578350848,
        0.002777182245456359,
        0.0026144759605434085,
        0.0034604043459532797,
        0.003816023384829655,
        0.0023906591607544647,
        0.002371867495058663,
        0.0035659748326413426,
        0.0023984212956398867,
        0.0022145742870493994,
        0.0029587278908514616,
        0.0035688987980445133,
        0.0031065541419704685,
        0.0033594777944350625,
        0.00248913846886989,
        0.002832055040799343,
        0.002231636523788517,
        0.002646638998037902,
        0.0027597963558852147,
        0.0031713719774554327,
        0.003428327272335493,
        0.003324602926390062,
        0.003955850170404651,
        0.002168474083746058,
        0.00289325860207915,
        0.0026950564251735773,
        0.002249712255047686,
        0.002102304613607161,
        0.0025109375510370155,
        0.0029865944770354853,
        0.0029068716626574885,
        0.0021684759145649355,
        0.0037758442454344414,
        0.003933197858192654,
        0.002558471575020904,
        0.0032359607489165334,
        0.003111404557272636,
        0.0029177717246530836,
        0.003523812761076492,
        0.003579201683326322,
        0.0031371357402214094,
        0.0039398747368902965,
        0.0033747885028953366,
        0.0020166578805689314,
        0.003313177351717469,
        0.003916311991240518,
        0.0023226847515466567,
        0.0029428509876893542,
        0.0025414761289025067,
        0.003158904401141828,
        0.0033722562179889504,
        0.0032988603882161413,
        0.002479580906303107,
        0.003225911815239996,
        0.0030553549005022614,
        0.0021243172126515913,
        0.0022307623418664295,
        0.0037795418497804786,
        0.0035378881516057647,
        0.0027758512181841376,
        0.003972633876899877,
        0.003955865712895552,
        0.002770286807741232,
        0.0021052542271212736,
        0.0028673606451896563,
        0.003110390438207727,
        0.002005141248797758,
        0.0035517309418037907,
        0.003821216446114227,
        0.003976541212157618,
        0.0034167195111315185,
        0.002992633200324275,
        0.0021279444086472537,
        0.0021149407606264247,
        0.0036856380538397146,
        0.0029727957588247173,
        0.0035736506288016187,
        0.0024840829986427526,
        0.002420882415143862,
        0.0025027863213079584,
        0.0020006550047866494,
        0.0021971185964120236,
        0.0038726317709924735,
        0.0033846092961035855,
        0.002578579125343629,
        0.0037458012786772263,
        0.0036445346131802766,
        0.003158357322429712,
        0.002385497521447357,
        0.0038807312222015064,
        0.002169325431064759,
        0.002006319601309985,
        0.002157285274576202,
        0.0020199956185269997,
        0.0024793735322153876,
        0.003777638113292216,
        0.002663459817484737,
        0.003539412172986093,
        0.002575416107447861,
        0.0034073793604628543,
        0.0021648022147474997,
        0.003924247384994349,
        0.0036416303223185034,
        0.0027986749445853627,
        0.0037665775212958347,
        0.002334570727693411,
        0.0025882349796950725,
        0.002878942800452887,
        0.0035935092941786553,
        0.00253006107700369,
        0.003329133554574717,
        0.00296244063152483,
        0.0022152994094393743,
        0.003351685822347366,
        0.002151617081794573,
        0.0033381192642320014,
        0.00265200700710373,
        0.0030500857717100805,
        0.002863987431554904,
        0.003773001298506018,
        0.0027408487807331974,
        0.003291831714638426,
        0.003579900972592048,
        0.003758471432264803,
        0.002586652365809694,
        0.0022284443712852937,
        0.002367805681343338,
        0.0024592062511083843,
        0.002546685250371508,
        0.003781273139346844,
        0.002000528628927938,
        0.0034419970134418713,
        0.0038495702872538545,
        0.0025479191359062655,
        0.0028378792927999685,
        0.002250802828799735,
        0.0024712112693169364,
        0.003534447612818334,
        0.002152314372769018,
        0.0037968775038318015,
        0.0029922043535140037,
        0.002484926504287208,
        0.003010496924504185,
        0.0033439339626190417,
        0.0037391091609599485,
        0.0032655699352106635,
        0.003921408686277604,
        0.003903688089825004,
        0.0036194750006430434,
        0.0021441654428049316,
        0.0029728735997113223,
        0.002796382675895052,
        0.003693656387484116,
        0.003129484158793011,
        0.002478418315430694,
        0.003830141168896748,
        0.0034207649384603617,
        0.003354130689514205,
        0.0037073523824478092,
        0.003317668866116212,
        0.003847758465080069,
        0.0022024435744620293,
        0.003112160599864105,
        0.003615689731652158,
        0.002885328217057984,
        0.0022791155175799064,
        0.003900110261246343,
        0.002806740227531735,
        0.003017074073832455,
        0.0032833984132808127,
        0.003139283370659823,
        0.0036643421855205166,
        0.0037717477738044647,
        0.0021345920691988735,
        0.00327904826092715,
        0.0022048239014392248,
        0.0025701870132886556,
        0.002987794125752965,
        0.002314086617705929,
        0.0029638772606131276,
        0.0023503042259616917,
        0.00216730046767145,
        0.003747064388063248,
        0.002496772441492134,
        0.003949565639714159,
        0.0028340431155142614,
        0.003988728174508152,
        0.0034166193366621652,
        0.0021710273482563824,
        0.0037419364334807773,
        0.0037703662758717883,
        0.003722244062940261,
        0.0023830731598832797,
        0.003825327436252216,
        0.0028184939925216834
    ],