{
    "DURATION": 22500000,
    "INIT_DELAY": 20,
    "ITERATIONS": 10,
    "PART_OF_THE_PATH": 0.3,
    "CHECK_TIME": 100,
    "CPU_SCALE": 2,
    "intensities": [
        0.012239170201085111,
        0.006928950338340938,
        0.010274034867208945,
        0.007261250558232954,
        0.009599849721638022,
        0.008863531950154022,
        0.010208460651760547,
        0.008475939171728166,
        0.0075785789297612375,
        0.009268266942225455,
        0.009458336959969827,
        0.008518428286411318,
        0.006848880589921973,
        0.011440129175990427,
        0.007387622250595831,
        0.006445515074879119,
        0.009468588154567916,
        0.011498555909316645,
        0.011485316033085636,
        0.010139345516546059,
        0.011691043407413067,
        0.012155971287600598,
        0.007029965595865648,
        0.00645472754380619,
        0.012016662463581313,
        0.010158155586686465,
        0.009072367125840143,
        0.009743467187167133,
        0.006671293317610056,
        0.011792553245628286,
        0.010929697302658272,
        0.009791660441096056,
        0.012423430560036133,
        0.010906630425163565,
        0.008465945329507469,
        0.007407019236830636,
        0.00876729123050076,
        0.006595778660904782,
        0.010504417219845692,
        0.007885215909454296,
        0.011114373552671792,
        0.007176507849503653,
        0.01202937596587463,
        0.009586772959499784,
        0.0064169404708990995,
        0.010655478496596822,
        0.011773919703307685,
        0.011195716673232044,
        0.010489840626500747,
        0.006864656473223774,
        0.0075496699878523,
        0.009281572608589292,
        0.00900109110607198,
        0.009040702387071501,
        0.008714638774169729,
        0.009859588421375314,
        0.009597671830826215,
        0.007064703785653322,
        0.006567828146682331,
        0.011300951337183777,
        0.008565964267449794,
        0.010326258136898378,
        0.0090058337915353,
        0.00928032799395756,
        0.007467291753079389,
        0.010451030858234654,
        0.012496196145105628,
        0.01230877089797512,
        0.009084744055774615,
        0.01150265503475094,
        0.009300621920788342,
        0.010298950069830802,
        0.00762774393712194,
        0.011892647491309513,
        0.00820814545776746,
        0.006492205440238968,
        0.006917310353996068,
        0.006728328029488512,
        0.010489129528774344,
        0.007472728626635015,
        0.008989031907135863,
        0.007987488506991946,
        0.006496894313759315,
        0.011566272307689687,
        0.0068797762277879185,
        0.011634012832405904,
        0.006892817344610808,
        0.01065653424435729,
        0.011704001655129723,
        0.006262523884104306,
        0.007709405838610933,
        0.011961501806035743,
        0.006314387836285772,
        0.007615433441039293,
        0.011485793146843025,
        0.008876847806016181,
        0.008748197680760704,
        0.011127850536480974,
        0.010352332348688268,
        0.009309891228836584,
        0.011824790820303794,
        0.006440930584328524,
        0.008525270074436,
        0.00876644797626552,
        0.011729890648982399,
        0.009213182879781692,
        0.009382906055246222,
        0.010577263795476506,
        0.010552310811054903,
        0.010472560073311805,
        0.01036173810409377,
        0.00883361679913763,
        0.006920708528024797,
        0.011125305285308805,
        0.010288042534092354,
        0.010366457373108153,
        0.009865141090724599,
        0.008998014002228317,
        0.008526503219974151,
        0.007924442429766872,
        0.007793756065108807,
        0.007580147782771595,
        0.008413427139603118,
        0.00630701476124242,
        0.0069083858181537275,
        0.00757980401617075,
        0.008855273590559268
    ],
    "poisson_generators_edges": [
        "104",
        "930",
        "259",
        "1024",
        "-114",
        "-913",
        "59",
        "-1089",
        "-38",
        "-916",
        "121",
        "964",
        "-233",
        "587",
        "-279",
        "-104",
        "1077",
        "-192",
        "-259",
        "-323",
        "913",
        "-1123",
        "-79",
        "125",
        "-1024",
        "65",
        "38",
        "341",
        "-364",
        "-1004",
        "1113",
        "-964",
        "800",
        "579",
        "-1016",
        "-354",
        "15",
        "178",
        "343",
        "185",
        "-185",
        "354",
        "-1064",
        "-11",
        "-3",
        "3",
        "-328",
        "-243",
        "-213",
        "-587",
        "191",
        "112",
        "-336",
        "1033",
        "-1122",
        "279",
        "-1029",
        "-960",
        "-1087",
        "-956",
        "-986",
        "1053",
        "-121",
        "77",
        "-351",
        "-51",
        "-1098",
        "-59",
        "194",
        "-125",
        "1016",
        "-800",
        "-330",
        "-102",
        "-30",
        "27",
        "1123",
        "79",
        "11",
        "-1135",
        "-222",
        "-972",
        "30",
        "-273",
        "-347",
        "-106",
        "916",
        "-341",
        "328",
        "-129",
        "-575",
        "588",
        "102",
        "336",
        "-204",
        "-1113",
        "273",
        "-939",
        "-334",
        "5",
        "-15",
        "23",
        "318",
        "-65",
        "106",
        "1029",
        "-23",
        "-63",
        "956",
        "-1053",
        "51",
        "351",
        "939",
        "960",
        "-1094",
        "-194",
        "-257",
        "1064",
        "323",
        "-343",
        "243",
        "213",
        "129",
        "257",
        "222",
        "972",
        "-809"
    ],
    "turned_off_traffic_lights": []
}