{
    "DURATION": 48000000,
    "INIT_DELAY": 20,
    "ITERATIONS": 10,
    "PART_OF_THE_PATH": 0.3,
    "CHECK_TIME": 100,
    "CPU_SCALE": 2,
    "intensities": [
        0.004975868896903594,
        0.0039586923483722536,
        0.004949287441671117,
        0.0026861922074347976,
        0.004062415942807037,
        0.004180563078697187,
        0.002544482264502022,
        0.0028207693888048103,
        0.002767899303224347,
        0.002834120215054913,
        0.003015301083350546,
        0.004551344013064706,
        0.0029143350949471596,
        0.0035341576054456827,
        0.003540756989591744,
        0.003313926298116347,
        0.004334151530544246,
        0.0038556844162446506,
        0.003430821292995444,
        0.003974310096669676,
        0.004543152200722786,
        0.002810120864732508,
        0.00463608307571543,
        0.0049434725775282535,
        0.003425288105569829,
        0.004255481874827643,
        0.0033646899365320643,
        0.00412142579500757,
        0.0034534496119662476,
        0.004592756055065503,
        0.0031578227038003915,
        0.003524866028493426,
        0.004410290328857979,
        0.0025855796020102925,
        0.0031713947866535883,
        0.0030605035191990783,
        0.0035074286745982617,
        0.0034173028138544895,
        0.004593565978486626,
        0.004592646953143662,
        0.003570743494176388,
        0.004078958224549637,
        0.0030862541939944772,
        0.003201549948294816,
        0.002819920644642807,
        0.0048973000065802175,
        0.004612107375022994,
        0.003112780399883637,
        0.004375435892005283,
        0.004050322221721867,
        0.002865384408540355,
        0.0027317018787892623,
        0.0032580894214843397,
        0.004911086735418308,
        0.004965956608869879,
        0.004055929164110886,
        0.004177384899041029,
        0.0030899194027763834,
        0.004352622753588637,
        0.004625633649125488,
        0.0049529265868798,
        0.004557470553758726,
        0.00375552255624628,
        0.004001506053468523,
        0.0046181210313015805,
        0.004628294683165604,
        0.003666790670396736,
        0.003438530409383197,
        0.0049970298890575325,
        0.004027156268184909,
        0.003043437954913948,
        0.003593367166943866,
        0.0032311561789076884,
        0.0029264593466418664,
        0.003466650516005661,
        0.0038557603893782065,
        0.0032337046812658445,
        0.004780762154239456,
        0.003355220503433914,
        0.004940545695746201,
        0.003479585544389341,
        0.004997068975085943,
        0.0027262205279624313,
        0.003408566844752578,
        0.002519991021215605,
        0.004259676706067309,
        0.004607590174808771,
        0.003946972048004357,
        0.004853379714725875,
        0.0034715747461592297,
        0.004144396990331107,
        0.0027014126847722613,
        0.002759388260670708,
        0.002727259235217861,
        0.0030583523456848213,
        0.004434662817151892,
        0.004233729640772664,
        0.0025460838205031834,
        0.004082960254394238,
        0.004773999072004456,
        0.0036232222307266155,
        0.003314975897224166,
        0.003066028145014509,
        0.003879409245699564,
        0.0030990342861119888,
        0.0026887191870172155,
        0.002616494065732446,
        0.0036903103973086582,
        0.004205004271427389,
        0.003012853376129265,
        0.002759298122731376,
        0.003518336337868779,
        0.003912155859296061,
        0.004149491082701326,
        0.0032194386169802354,
        0.0038253110006393008,
        0.004875201961001489,
        0.0028758704498330033,
        0.004112829529055248,
        0.002571005086967682,
        0.0046609838891867785,
        0.0027711563740421665,
        0.0035524942022695754,
        0.0027875027265168583,
        0.003357630646808555,
        0.003417503011994113,
        0.004543346303820658,
        0.004322915199632269,
        0.004354535525549506,
        0.003118454656698265,
        0.004225389585476256,
        0.002606860101603806,
        0.0038850691695313817,
        0.004931730009065416,
        0.0033849315349945633,
        0.0035342158750824347,
        0.003402678477683169,
        0.002695674258544621,
        0.0030850768082977625,
        0.0038153293487760863,
        0.0029394106902186504,
        0.0033232833180965368,
        0.0028616706148817863,
        0.00444210089810774,
        0.0045623159254155115,
        0.004250898944742747,
        0.004837850218183595,
        0.0028595126885224602,
        0.004243306136682352,
        0.003580735477068327,
        0.004758110153114824,
        0.004343436861103394,
        0.0035988660547142497,
        0.0037641910319222947,
        0.004847329490723924,
        0.003263557932917879,
        0.004505942600624147,
        0.004896929387753516,
        0.002533014632036847,
        0.004809750112880257,
        0.004535560770592067,
        0.002721545822355697,
        0.0028170460772185594,
        0.0032736023899059114,
        0.004934228333209506,
        0.004371601971317108,
        0.003460688925837021,
        0.0037904963585270743,
        0.0025461693586986997,
        0.004864554173852591,
        0.0034422675684275825,
        0.0028913970086317108,
        0.004190290167841282,
        0.0037794857830372656,
        0.0048023448015426734,
        0.0035551800438638373,
        0.0025683604175701226,
        0.0030022418755795153,
        0.004828308748633493,
        0.0030742179038339796,
        0.0032805605676302758,
        0.0025873550053646895,
        0.0031773388055050694,
        0.004288356907306428,
        0.0037077602523281376,
        0.004764827519359617,
        0.0032210433394257044,
        0.002780683151073125,
        0.004325874223618064,
        0.002556721601191703,
        0.00411090258241065,
        0.0041392770625450475,
        0.004259376773622506,
        0.002901220397139505,
        0.004448488392492822,
        0.003957934367533117,
        0.002653554732416346,
        0.0028360944562287405,
        0.00308860526208388,
        0.0042683280515895955,
        0.0027235341319792887,
        0.0025694612736685686,
        0.0039590706098522836,
        0.0034919558877029517,
        0.002858889380940167,
        0.004672525201262889,
        0.0036105793137227154,
        0.0029533088462023434,
        0.0038768420570120536,
        0.00423602931954787,
        0.0031980176041156664,
        0.0028621341557749118,
        0.004398212832685844,
        0.003436104656834564,
        0.004228796845239891,
        0.003536543147894622,
        0.00469797624597556,
        0.003649728346587897,
        0.004191315750577282,
        0.004451155487297077,
        0.003946016367478758,
        0.003702109318516349,
        0.00447581725709241,
        0.002834972982966959,
        0.0034257687614098666,
        0.002521918294513053,
        0.0033803577243996393,
        0.00399171553575971,
        0.004996832184191039,
        0.003945420425787082,
        0.004627363413110909,
        0.0032734678856115467,
        0.004930354276661782,
        0.002949148208702022,
        0.002942212326846654,
        0.0034019975574778793,
        0.004391758411304814,
        0.003253546760841643
    ],