{
    "DURATION": 48000000,
    "INIT_DELAY": 20,
    "ITERATIONS": 10,
    "PART_OF_THE_PATH": 0.3,
    "CHECK_TIME": 100,
    "CPU_SCALE": 2,
    "intensities": [
        0.004483718528538996,
        0.003959965179474627,
        0.0034532514031542184,
        0.004206553972858639,
        0.004467776850621655,
        0.004126587689550443,
        0.0054133388729003746,
        0.0033605443948609096,
        0.005327213671084613,
        0.00510444882407627,
        0.005585967742849928,
        0.003939660306153846,
        0.004478498452980723,
        0.003514625460458064,
        0.005697331289636757,
        0.003088714151479142,
        0.0038792657134677773,
        0.004726514739567725,
        0.004395814659977482,
        0.005686232278783936,
        0.0033631824323753956,
        0.004673100382638918,
        0.005074183070476576,
        0.0035089904903887552,
        0.003358558583414073,
        0.004299545825253476,
        0.0039127438537060934,
        0.005465505758434433,
        0.003881835530470159,
        0.004753212833275969,
        0.005332044005111819,
        0.005065120596284753,
        0.005957357625555196,
        0.005892893145417811,
        0.00448650940477404,
        0.005643251908769246,
        0.0044562926197955965,
        0.005790076801753049,
        0.004552487318762953,
        0.00311486329840236,
        0.0035416300679768915,
        0.004697741874338959,
        0.004641544337450628,
        0.0034271774862310997,
        0.0038660834746387777,
        0.005227855395838201,
        0.00594837084249198,
        0.004655719961596994,
        0.00390504004714346,
        0.004015830745580189,
        0.0034344376797327547,
        0.005403988936287231,
        0.005939678355243191,
        0.005717274258581529,
        0.005989329014543584,
        0.004617825076074095,
        0.0058022798977731965,
        0.0030179977519627175,
        0.003618073591888152,
        0.005311586038146586,
        0.0032963452747709933,
        0.003088578752550478,
        0.005393046385794032,
        0.00429850010416037,
        0.003003245940335661,
        0.0034483991796683666,
        0.0039726909490979375,
        0.004987884290226468,
        0.004080807608956922,
        0.004802527957319985,
        0.0035773116470331403,
        0.005593174843793791,
        0.005243574406899076,
        0.0030508757817092804,
        0.003787468596471863,
        0.004770104684647418,
        0.003313871262385205,
        0.0046227843103323445,
        0.005240123754190185,
        0.004521316744958222,
        0.005594832211717559,
        0.005926023191759311,
        0.004049387242805882,
        0.00315783578944922,
        0.004359034466372619,
        0.0038650778016774746,
        0.003098775745696851,
        0.0047945951528760656,
        0.004727731862306526,
        0.00324025839698127,
        0.00541645797108826,
        0.0045201771463790775,
        0.0038946673358921705,
        0.005176891797680942,
        0.003152234053867674,
        0.004273267589420245,
        0.005871039439160942,
        0.004839570786742689,
        0.003026334949582376,
        0.00593931858614875,
        0.004709939124381113,
        0.003947529146355911,
        0.005452461371554499,
        0.003071275474593635,
        0.005174129462919308,
        0.0032136688447472594,
        0.004898164174839832,
        0.005169181543604007,
        0.0058979711481365014,
        0.0031460157061905625,
        0.004758933999257193,
        0.0036258090407402066,
        0.004554419163751757,
        0.0033793842323930822,
        0.005661088149430652,
        0.004063359538497773,
        0.0045767382172035445,
        0.0040420073162796295,
        0.003974531640723379,
        0.004755101814880376,
        0.004719730699928696,
        0.00525062930164885,
        0.005619988892601399,
        0.005131735787033359,
        0.004952840302151227,
        0.005033653467313711,
        0.004719824320689424,
        0.0032525611092555106,
        0.005055712394415789,
        0.004250511412389215,
        0.005457755148070469,
        0.00460283590649647,
        0.004849240424837179,
        0.0031244362057746364,
        0.0032769981529008007,
        0.004350452691028502,
        0.004411594112896734,
        0.0032034527477659966,
        0.0054352994769112425,
        0.004329132094237193,
        0.003232969751935553,
        0.004088582862182442,
        0.0035835065411960335,
        0.00559191703517396,
        0.004230890455833737,
        0.004460434292203141,
        0.005077962787361435,
        0.0038410556186268406,
        0.0041954175505392755,
        0.0037251472966896835,
        0.005922723920551142,
        0.005338851264387571,
        0.0058861401587267746,
        0.005629471455534281,
        0.0036214869463455698,
        0.005938183566609333,
        0.005728146498894657,
        0.005501754403795361,
        0.0030416212462740047,
        0.004210283096721251,
        0.004458452254320331,
        0.00419692096635694,
        0.004531631852497879,
        0.005616672087288988,
        0.004466277468179418,
        0.003907742227767162,
        0.0051191570375742615,
        0.005074872272132098,
        0.003907506151325128,
        0.003555562196145962,
        0.005006996458642247,
        0.0057840213771945745,
        0.0043491621988283515,
        0.004823779527128889,
        0.004611282231422346,
        0.005436006275993527,
        0.003276096162379644,
        0.003473114891545723,
        0.005813145099650087,
        0.005676681333414689,
        0.005208239579560981,
        0.004380657407014267,
        0.004455992107729713,
        0.0054071798119605975,
        0.003761777664423238,
        0.004966808763296311,
        0.005952291610151482,
        0.004472788439881543,
        0.003324813757609507,
        0.004471937049980813,
        0.004980852216285057,
        0.0036213826389715907,
        0.005327277577200808,
        0.005024601615817405,
        0.005718863441828737,
        0.00425376739699935,
        0.004363278691478431,
        0.0037807183516324664,
        0.0036559151012520888,
        0.005763544316672811,
        0.005558786663337856,
        0.0035877068402317847,
        0.004360600218017513,
        0.005267418507027765,
        0.005442584093973562,
        0.0034584917992742524,
        0.00475307156762118,
        0.005163294614162435,
        0.005834611297209725,
        0.005498960301119772,
        0.005516617342417684,
        0.003667167327228508,
        0.004955042370259535,
        0.004836113050462691,
        0.0038463848571136973,
        0.005354953981808399,
        0.00539588087713315,
        0.005587669887896551,
        0.005482017145512417,
        0.0031649181049737524,
        0.00471578789717174,
        0.005385111141223618,
        0.005141881162800772,
        0.003938750610005145,
        0.0050496905240905755,
        0.005709639723398127,
        0.00424488556004968,
        0.004319249290040898,
        0.004028733963501964,
        0.005090097764920382,
        0.005033628076904801,
        0.004561403767984245,
        0.0051304537648883715,
        0.004294081121015794,
        0.00332084341470931,
        0.004733665668851132,
        0.0032599768966129926,
        0.003703184452228464
    ],