{
    "DURATION": 48000000,
    "INIT_DELAY": 20,
    "ITERATIONS": 10,
    "PART_OF_THE_PATH": 0.3,
    "CHECK_TIME": 100,
    "CPU_SCALE": 2,
    "intensities": [
        0.009641055825678225,
        0.009258289706489953,
        0.007552958066342054,
        0.009126633842370781,
        0.008948249678443968,
        0.008335322160182342,
        0.006299433669821011,
        0.007728021011377735,
        0.008063157478354233,
        0.009808040363314669,
        0.00721217781538596,
        0.010096018538888182,
        0.009390929443681256,
        0.010130231030256051,
        0.007905901005308169,
        0.011377441486369277,
        0.007902020030133535,
        0.011085940175014788,
        0.009862647674330226,
        0.006451877893614635,
        0.010348784038663836,
        0.010084478218016078,
        0.011523078602939643,
        0.006511180132346679,
        0.009542063004076229,
        0.008303819469306972,
        0.00855209239645676,
        0.011561898169036123,
        0.0060969502043959215,
        0.008737873018276094,
        0.009491198068318232,
        0.010578996947060743,
        0.008949824127128317,
        0.008537800374401392,
        0.01081101313653432,
        0.007072205008194636,
        0.010802059744211195,
        0.007797683673699741,
        0.010071505320965079,
        0.008549302811800169,
        0.006592203244864855,
        0.008288292891161697,
        0.007821171105176217,
        0.006883057710697768,
        0.009649657124164837,
        0.00878243720953193,
        0.009468488779202783,
        0.011386115254640963,
        0.010268552400094,
        0.01186870341163079,
        0.007912097815191645,
        0.010477709454338261,
        0.00749362140213302,
        0.0103339431421837,
        0.010679881985571668,
        0.009102460105326582,
        0.011379258498211094,
        0.006385353054683456,
        0.00807536749622478,
        0.008684524254996445,
        0.007501594671453324,
        0.009526749936506637,
        0.010233617163352325,
        0.006797095780526816,
        0.010450764111599597,
        0.01091602471445356,
        0.007192775387551411,
        0.007278070712518075,
        0.010139734889290007,
        0.009492858976741837,
        0.007353715300252514,
        0.008598404894484516,
        0.00825916269598285,
        0.006285762869155058,
        0.006056843064013426,
        0.006654212503830314,
        0.008150098327528292,
        0.008223346989882205,
        0.008603770847394814,
        0.011772140479776906,
        0.008904315890059435,
        0.008258154856085692,
        0.006257972323029214,
        0.006111933495087814,
        0.010868958208639772,
        0.01028636253870159,
        0.0066606434966000015,
        0.006939678727084885,
        0.006004416065399884,
        0.009301738196406355,
        0.009569896043164102,
        0.010292016838206398,
        0.006247719693923242,
        0.006785438223522564,
        0.011214824255343064,
        0.011458036266034567,
        0.011946206048689675,
        0.009138791487086462,
        0.007742911450452846,
        0.0071551903949343965,
        0.009649283261300353,
        0.008247873469601371,
        0.009002346519885272,
        0.006496853434939014,
        0.009700837937825004,
        0.00858233895049967,
        0.00718343957184189,
        0.007546463196081493,
        0.006308891490026709,
        0.00898891652702426,
        0.009817106725366223,
        0.006305683878813044,
        0.009749891987426956,
        0.009119785897733493,
        0.009742550742064043,
        0.006040820021515679,
        0.010813981457396912,
        0.006503857647619255,
        0.010914371867265661,
        0.009417111784652803,
        0.0092756972624673,
        0.011343998161984965,
        0.007983336367498147,
        0.008815873910370954,
        0.0076908938635456905,
        0.009017086450288753,
        0.009461321588742593,
        0.009299478898389064,
        0.01060226398144386,
        0.007033394860515232,
        0.007273156570301375,
        0.011581375325866242,
        0.00909056376408214,
        0.009390418091312878,
        0.00717159017831782,
        0.010020943720717143,
        0.00798854705910177,
        0.006661155285781147,
        0.006941070389874508,
        0.009613512248048907,
        0.011287156993991177,
        0.006331900721828692,
        0.011893672710595722,
        0.0066119991985194105,
        0.008449617404103976,
        0.00697924675631127,
        0.007587555193366095,
        0.011983683203384613,
        0.011549046178218458,
        0.011111767744920327,
        0.006653303189370919,
        0.007423919633179254,
        0.010476831110528674,
        0.011736913535543347,
        0.009232749688787671,
        0.008518213433568338,
        0.01086140985609587,
        0.010461221536220523,
        0.006615970526718364,
        0.006457517556503729,
        0.008707134050560802,
        0.011395231282504789,
        0.006068507840167773,
        0.011901715064787767,
        0.0084284581106207,
        0.006469627927998417,
        0.01055110884523276,
        0.010777489360822179,
        0.01126901341049575,
        0.006516506797511444,
        0.009758937775113224,
        0.009341325671998217,
        0.011774860872319642,
        0.011935346010603073,
        0.009706963695200566,
        0.006457569821214475,
        0.007185984578869139,
        0.008666467073775993,
        0.008114087980908123,
        0.00641407106101632,
        0.008316607820122748,
        0.011430781541883765,
        0.007907907663653674,
        0.010535717791473399,
        0.00902319025759633,
        0.006266412128875662,
        0.011625585774132606,
        0.00971784797207638,
        0.01139015746971875,
        0.00950248022737279,
        0.011310290912654784,
        0.011736636452951876,
        0.011404699600693667,
        0.00842398553134362,
        0.008147688786692336,
        0.009235338104903783,
        0.00861056300998778,
        0.01153670949847227,
        0.010236833737354421,
        0.009474443998786001,
        0.010873073272050789,
        0.011533165225223265,
        0.010470732171617926,
        0.007044914431280858,
        0.008925967908648174,
        0.011641032599176187,
        0.0065952422577737055,
        0.007451144218807694,
        0.011453396086309898,
        0.00862273409611479,
        0.01195223713488766,
        0.008640242673437878,
        0.007804617278870968,
        0.010208714175789712,
        0.006596303130876797,
        0.011015369948851422,
        0.011437413493399839,
        0.009942932150282625,
        0.009822766060022435,
        0.009204372256553767,
        0.0068010671499644584,
        0.007672768216083629,
        0.010619350689227614,
        0.008263451171517347,
        0.006231112582426194,
        0.011367083579865296,
        0.006509689774396005,
        0.011470013057262727,
        0.009885582307562438,
        0.008608683465579641,
        0.011275956937352918,
        0.008507109037147943,
        0.011168959361855534,
        0.007927296960693622,
        0.007921540095500956,
        0.008039381965245965,
        0.007699328954437656,
        0.006025540727517101
    ],