{
    "DURATION": 48000000,
    "INIT_DELAY": 20,
    "ITERATIONS": 10,
    "PART_OF_THE_PATH": 0.3,
    "CHECK_TIME": 100,
    "CPU_SCALE": 2,
    "intensities": [
        0.002349865047298536,
        0.0026830164756609255,
        0.0031361950151563398,
        0.003982062479902009,
        0.002432336209621807,
        0.002494019089291955,
        0.003595562617096977,
        0.002799540459027927,
        0.0030900542365658694,
        0.002877206912580313,
        0.0026932433426224037,
        0.003018879655891301,
        0.003213361885587103,
        0.002446811238212543,
        0.0021181707753294837,
        0.003276158563704376,
        0.003515212409271793,
        0.0033420081694050486,
        0.002700632274708746,
        0.0030360839436392355,
        0.002328450761966107,
        0.0038775802561449523,
        0.003106633514805987,
        0.0020450821681847744,
        0.002985877731329604,
        0.0031988402789108754,
        0.0024952539559450143,
        0.00277506771923747,
        0.0026867355067431973,
        0.0036607729085594066,
        0.0033409052537548083,
        0.002629975795738157,
        0.002989978511614442,
        0.003418200551954285,
        0.002453565139200235,
        0.00241628651798266,
        0.0036511530639880187,
        0.0028996602272992862,
        0.0034010816961417677,
        0.002204225864051082,
        0.002557554014374103,
        0.0028914627264448826,
        0.003869235657776982,
        0.002850054298234646,
        0.003237676683451987,
        0.0033725421108620154,
        0.0035701360623432953,
        0.002714801431853323,
        0.0022016531622773543,
        0.002774591907968015,
        0.003135852169245265,
        0.0037110835396637057,
        0.003831355770849611,
        0.003337465885396277,
        0.0033779008604525153,
        0.0038197882635013208,
        0.0036950839346828125,
        0.003545660880781151,
        0.0023602787922846207,
        0.0025222054195574287,
        0.003682169475836077,
        0.0037122176612351338,
        0.003240514753918481,
        0.0034944681893136365,
        0.0023682721672802914,
        0.0038728680277831367,
        0.0020459594270758304,
        0.0021725389756251548,
        0.0030288561282079294,
        0.002183026554753064,
        0.0030013781022848155,
        0.002524435103836622,
        0.002469926065341743,
        0.0030565608104131097,
        0.0027979886267446696,
        0.0023056470002290404,
        0.0034917440592292606,
        0.0036446416578690835,
        0.00390662992519262,
        0.003349610513192592,
        0.0022984143306261275,
        0.0037644471305316547,
        0.0032874858551373283,
        0.003712990327092473,
        0.0025230003567318455,
        0.0032442350360623665,
        0.003861246877047584,
        0.002675831483715615,
        0.002653204923362363,
        0.0036581789208902883,
        0.003335345255536908,
        0.003062559143910154,
        0.003441492450701949,
        0.002710470249004511,
        0.0029940097516448715,
        0.0034377677496584018,
        0.003957888474998776,
        0.002778733964142471,
        0.0027171584385616175,
        0.002084978244932953,
        0.00254371970601534,
        0.0026773908204202855,
        0.003778550885745179,
        0.002929931424594427,
        0.0030145667927762056,
        0.002769382738397803,
        0.002574297613544982,
        0.0021965869964241575,
        0.00215390196235414,
        0.0028141525472615996,
        0.00318323929361484,
        0.0032048771325338373,
        0.003478449925471553,
        0.002406025403434469,
        0.003038398745621402,
        0.0033361866691148873,
        0.0031546963877323447,
        0.002741818848795927,
        0.003842307373254074,
        0.0036156002683294043,
        0.003253872831364549,
        0.002750851178871631,
        0.0027477285509175243,
        0.0036440829716898934,
        0.0024449385035705835,
        0.0036312020956013914,
        0.002037820225910083,
        0.002360140965126324,
        0.003947847937279874,
        0.003568027545968227,
        0.003049697206608393,
        0.002053353860210726,
        0.0037009772042370303,
        0.0030182165110692683,
        0.0035840770330455955,
        0.002536801367649845,
        0.0020709099567889286,
        0.0038044660633162718,
        0.003909858090044439,
        0.003583318165150023,
        0.0025999044821123545,
        0.0026648362066662053,
        0.0033280252297060832,
        0.0028243760767238503,
        0.002294160010437006,
        0.0024011314296561587,
        0.0028787883595637383,
        0.002706702489638277,
        0.0037455461028827004,
        0.0030153485570501076,
        0.003806607271528045,
        0.003168435443830281,
        0.0034552660710016414,
        0.0038653503593023613,
        0.003798209871231292,
        0.0022503089042409012,
        0.0037532666004450417,
        0.003998378100635615,
        0.0036125228631420873,
        0.003374223692140684,
        0.0025093320793876652,
        0.0020279314180281015,
        0.003455627782255145,
        0.0034312969694035127,
        0.0029674922694510222,
        0.0024946066684831637,
        0.0022682670593019852,
        0.002178387307766597,
        0.003999948065915766,
        0.0039420576404376635,
        0.0039059156679927187,
        0.0034338658466142808,
        0.0027569413328263916,
        0.002358317338190689,
        0.0036177375874486706,
        0.003938875400922345,
        0.0031933216876553487,
        0.002784990544206286,
        0.002333990728010175,
        0.0024118011957086644,
        0.003990426694176457,
        0.003268876578521176,
        0.002191830758550745,
        0.0034790604666954973,
        0.0033472808622829475,
        0.0027921895044710266,
        0.003245715884381168,
        0.003381600656052903,
        0.003883610916160769,
        0.0033616884359324428,
        0.0037564855984240477,
        0.0035963796568696327,
        0.0037195426999331524,
        0.0036202433710604462,
        0.0021869486146101763,
        0.0023415279581621967,
        0.0025241875862454808,
        0.0028059313396684594,
        0.0020590793694528946,
        0.0031305307851025857,
        0.0023591401547961733,
        0.003872911661028607,
        0.00212922304625375,
        0.002077680856400039,
        0.002149899187657509,
        0.003652138270576259,
        0.0023437043030959306,
        0.002078346217270338,
        0.0030566167213589845,
        0.0034541585284343437,
        0.0034589188613132274,
        0.002773624260552586,
        0.0037904062126137422,
        0.003599469960698819,
        0.003947201822268577,
        0.0036811079065533726,
        0.003461495457631452,
        0.003767333536457405,
        0.0038511005360758323,
        0.002625967835720872,
        0.002573209472798165,
        0.003420792624336883,
        0.003342180842287462,
        0.003684229089556377,
        0.003612369685346972,
        0.0023001331590100076,
        0.0031110261320021083,
        0.003436461126539937,
        0.0037015846080997302,
        0.0023223291699821062,
        0.0025495440759707336,
        0.0025496025389800275,
        0.0030418164756109297,
        0.0026301935359187884,
        0.0020945277771965195,
        0.0037391728864712057,
        0.0034965840301505735,
        0.0027738481113388533
    ],