{
    "DURATION": 48000000,
    "INIT_DELAY": 20,
    "ITERATIONS": 10,
    "PART_OF_THE_PATH": 0.3,
    "CHECK_TIME": 100,
    "CPU_SCALE": 2,
    "intensities": [
        0.004996618913481606,
        0.0032001343543004816,
        0.0030794372893805447,
        0.00449591907231685,
        0.0036482049332093713,
        0.004769212810009366,
        0.0034568421460442916,
        0.00338108971019322,
        0.00303996121382595,
        0.0027201360632469382,
        0.004962765718653969,
        0.0042179416830076585,
        0.003507295151516997,
        0.0025936793471684778,
        0.0025570825817595416,
        0.0046647876332783535,
        0.004227810559581782,
        0.004497486007206286,
        0.0027112552940362004,
        0.002900030112134337,
        0.0036246042713259877,
        0.0034072054829702484,
        0.002542685561379326,
        0.0042246408941989675,
        0.003509537823811067,
        0.003301540572566234,
        0.004771213830795293,
        0.004716710111806178,
        0.00271521431016884,
        0.0036278312287148116,
        0.004164593935700794,
        0.002855772203205664,
        0.004896239188256262,
        0.003242757599357479,
        0.0032859545045708432,
        0.00429750649094331,
        0.003328820961966221,
        0.004555172650422082,
        0.00301043115647351,
        0.0027421576068540165,
        0.0035371834058852266,
        0.003684837405120425,
        0.003272940265178134,
        0.003057198054188641,
        0.002908198251789713,
        0.004484794076181718,
        0.004518282158790226,
        0.003954562826510275,
        0.002620979614465425,
        0.004133957267922005,
        0.003940162969600208,
        0.004477441620789672,
        0.003970613838633549,
        0.00337092907263429,
        0.002589285716623561,
        0.0028010205402370114,
        0.0031220418310567103,
        0.003767674559027083,
        0.0036486619711281545,
        0.004292798045072819,
        0.0048928236440544184,
        0.00400131433446458,
        0.003528798825671265,
        0.003718915263989644,
        0.004460926079434564,
        0.0030707411443608654,
        0.0036040445192877055,
        0.004650079603828119,
        0.004649575870084298,
        0.0038365564598090204,
        0.0035453235990823657,
        0.0028029681309266635,
        0.0027588995145654016,
        0.002646121556117355,
        0.004411627866397374,
        0.004049040780571986,
        0.004135501662463097,
        0.0047683151243989325,
        0.004886751414392632,
        0.0030057114115006624,
        0.002627575239136743,
        0.0030911152205718743,
        0.002555550881141915,
        0.0029825388658969876,
        0.003920601104169293,
        0.0038109847757437035,
        0.0033328296841116925,
        0.004614309541187956,
        0.0035036973760873575,
        0.004140533888145016,
        0.003194599095701268,
        0.002957185869904158,
        0.004418905473190253,
        0.00441134163478874,
        0.0045908510547262825,
        0.0025378136867501002,
        0.003376037103052984,
        0.0030080024812499857,
        0.0041242597816534944,
        0.004694914219202328,
        0.0027614167137736136,
        0.003869651968369905,
        0.0025128442650891652,
        0.0037776404132472893,
        0.004958301188653264,
        0.0026650953062296525,
        0.00297556508635071,
        0.0031544476339051206,
        0.004195674016739632,
        0.003916766446799761,
        0.00399555579378569,
        0.0041839909417717355,
        0.0037092401409219043,
        0.004031614423886776,
        0.0030691596921896673,
        0.0036921165061229986,
        0.004574290555839612,
        0.004440483383285937,
        0.003986101377936339,
        0.004221783923891215,
        0.003262568602702837,
        0.004120046570123794,
        0.004816667805966106,
        0.00464743522254868,
        0.0040660569210368555,
        0.004847551042476061,
        0.004569905657678242,
        0.004653962670406113,
        0.002609758611988767,
        0.0033334436828980456,
        0.0027703656059049745,
        0.0028575109200499006,
        0.00472709428075966,
        0.0036684882576987696,
        0.0035960049406778124,
        0.0029735463386881874,
        0.004527543721348092,
        0.0038475556547688493,
        0.002939020506703252,
        0.0029729974446045413,
        0.003859193635279974,
        0.00475535960395209,
        0.0034572329856819746,
        0.00462872670851392,
        0.0046688238548040625,
        0.0034422256752545542,
        0.00477085547466049,
        0.004568382888084373,
        0.0027810920725942286,
        0.0035134566387290773,
        0.002979832682117347,
        0.0044436877719618625,
        0.0031655428277059046,
        0.0045783340241424995,
        0.004313220973255916,
        0.004720087155459006,
        0.0044147871645048185,
        0.0027836033450585004,
        0.004129210744304054,
        0.00493536862222263,
        0.004492508862950682,
        0.0025439745514195936,
        0.003011138581914243,
        0.00484244097211558,
        0.0032747872341172247,
        0.003077823125086587
    ],
    "poisson_generators_edges": [
        "1396",
        "1810",
        "-1264",
        "-961",
        "724",
        "1088",
        "-2192",
        "46",
        "513",
        "-1463",
        "75",
        "1586",
        "1797",
        "-2572",
        "-1780",
        "-2182",
        "-1226",
        "23",
        "-674",
        "888",
        "-769",
        "-724",
        "-11",
        "-651",
        "330",
        "-1765",
        "1244",
        "-2547",
        "-66",
        "-217",
        "1728",
        "-52",
        "643",
        "-981",
        "930",
        "-330",
        "-937",
        "-2398",
        "5",
        "-2553",
        "1394",
        "-507",
        "934",
        "1780",
        "-511",
        "1107",
        "951",
        "2297",
        "1579",
        "66",
        "-1422",
        "-365",
        "688",
        "-951",
        "746",
        "914",
        "-196",
        "-717",
        "-3",
        "1105",
        "-2375",
        "1708",
        "1417",
        "2375",
        "890",
        "920",
        "-2541",
        "-726",
        "-347",
        "-890",
        "-2564",
        "-2545",
        "713",
        "-2533",
        "2364",
        "-211",
        "900",
        "365",
        "15",
        "-688",
        "-1107",
        "-1708",
        "-695",
        "684",
        "-2537",
        "-77",
        "1945",
        "-619",
        "3",
        "-1253",
        "11",
        "-1437",
        "1577",
        "-349",
        "-1394",
        "87",
        "200",
        "52",
        "1086",
        "-1797",
        "-5",
        "-2369",
        "2182",
        "-2531",
        "-2335",
        "-1956",
        "-629",
        "661",
        "-1417",
        "-2560",
        "-1586",
        "-930",
        "-1920",
        "-736",
        "-2526",
        "-2330",
        "77",
        "-918",
        "-2381",
        "-1788",
        "2333",
        "-2070",
        "-1396",
        "-2510",
        "663",
        "-900",
        "-1441",
        "507",
        "-1088",
        "619",
        "-1283",
        "58",
        "922",
        "717",
        "1253",
        "-1090",
        "2335",
        "1926",
        "-1581",
        "-983",
        "-963",
        "1422",
        "-1599",
        "1765",
        "-2371",
        "1732",
        "-1105",
        "-495",
        "983",
        "-914",
        "-1948",
        "-1439",
        "937",
        "1268",
        "-2558",
        "60",
        "-23",
        "-1926",
        "-1577",
        "651",
        "1437",
        "495",
        "-2508",
        "-777",
        "-1254",
        "-936"
    ],
    "turned_off_traffic_lights": []
}