{
    "DURATION": 22500000,
    "INIT_DELAY": 20,
    "ITERATIONS": 10,
    "PART_OF_THE_PATH": 0.3,
    "CHECK_TIME": 100,
    "CPU_SCALE": 2,
    "intensities": [
        0.010203379693516163,
        0.01140845211582092,
        0.006154057634741387,
        0.01014453617166745,
        0.011126194699456863,
        0.0076219214848954,
        0.006606757688044032,
        0.006887432484764002,
        0.009840807303829911,
        0.010099842601243476,
        0.008692233558185991,
        0.006569999593311343,
        0.0072885167838000475,
        0.007466758991259717,
        0.009876368445005631,
        0.010027481402861305,
        0.010233277226277003,
        0.008165267155355028,
        0.006298418361828698,
        0.008041825231944567,
        0.009531486825483056,
        0.010629701013776855,
        0.006110166079337469,
        0.0086358861656418,
        0.01077093947267006,
        0.009917427369242268,
        0.010644524754524144,
        0.008053079413842205,
        0.009444484961357177,
        0.010629037632798571,
        0.008221551032909964,
        0.011529954736354486,
        0.006461924087810195,
        0.011064527751121132,
        0.0075196276363419055,
        0.008801403077907794,
        0.00730268539945008,
        0.00841566960773569,
        0.007905608328477365,
        0.008806727527332706,
        0.011361160068673978,
        0.008743561431087128,
        0.008016965907077959,
        0.006650894741675655,
        0.009806186366775157,
        0.010356221261872077,
        0.009007386412440603,
        0.009224372683889486,
        0.00868212565514052,
        0.007854269561582729,
        0.006824148274887226,
        0.00669465358174639,
        0.006594588556663811,
        0.006069109665806604,
        0.010120954842702486,
        0.009006456177238609,
        0.007655037894390918,
        0.009342330448530951,
        0.006111950052139524,
        0.00862977747147804,
        0.0072989230547867295,
        0.01059881279822885,
        0.008539066032739418,
        0.006493839211306778,
        0.009332537847620845,
        0.008068826719851215,
        0.008231735076885544,
        0.008427299193890663,
        0.010346646378876903,
        0.009492962593511723,
        0.009151012562026006,
        0.010949723395323657,
        0.008886528648405024,
        0.00920449249172605,
        0.007802241727010795,
        0.010980905403598074,
        0.006299634708088824,
        0.006634912329145894,
        0.008174758148791865,
        0.007334862657360841,
        0.010351603996178564,
        0.007085098629634496,
        0.006600450593961763,
        0.009552736810759039,
        0.008959424006140113,
        0.007048456172426063,
        0.01131359286697808,
        0.009411421383530828,
        0.00816239542164162,
        0.007330170380789481,
        0.007294129188132748,
        0.007901817209596342,
        0.009512711802624847,
        0.008393234140011486,
        0.009849292148056507,
        0.011645379263630785,
        0.011656508525704191,
        0.008841807181300725,
        0.006540059114919395,
        0.009228341808225548,
        0.008491975214866304,
        0.006372511045691484,
        0.011241159602319683,
        0.008831942339493281,
        0.010531707535313442,
        0.007363059308470134,
        0.006097644682632703,
        0.011541123173566082,
        0.00866352276165288,
        0.007084336060357876,
        0.007213061290551652,
        0.009149574780016892,
        0.009638886490477522,
        0.008094100611096557,
        0.01043354546863687,
        0.00862476679134512,
        0.009491145107055012,
        0.010115746312658169,
        0.010971617262712823,
        0.011708840321034157,
        0.006818162883960132,
        0.01041503932133362,
        0.011159175390558926,
        0.00915665407469171,
        0.010681051409360367,
        0.006044395042808406,
        0.011116819041707107
    ],
    "poisson_generators_edges": [
        "972",
        "-213",
        "-587",
        "351",
        "-77",
        "-104",
        "129",
        "-354",
        "336",
        "38",
        "257",
        "1123",
        "-334",
        "-125",
        "112",
        "-79",
        "-579",
        "-930",
        "194",
        "204",
        "318",
        "-106",
        "913",
        "23",
        "347",
        "3",
        "800",
        "27",
        "-1072",
        "-194",
        "279",
        "-1016",
        "-1053",
        "-217",
        "-336",
        "11",
        "-257",
        "30",
        "-59",
        "-1024",
        "59",
        "125",
        "-575",
        "191",
        "1024",
        "-328",
        "330",
        "1016",
        "-23",
        "1002",
        "-65",
        "259",
        "-956",
        "273",
        "-341",
        "1033",
        "-1135",
        "-964",
        "-279",
        "343",
        "185",
        "-233",
        "-588",
        "-114",
        "178",
        "222",
        "-960",
        "-1002",
        "960",
        "213",
        "-1004",
        "-1089",
        "-44",
        "-3",
        "-5",
        "341",
        "364",
        "579",
        "121",
        "-1098",
        "-351",
        "44",
        "-273",
        "-1122",
        "-63",
        "-51",
        "-1123",
        "-1094",
        "63",
        "15",
        "104",
        "-15",
        "-809",
        "-178",
        "323",
        "-364",
        "-102",
        "-222",
        "-318",
        "588",
        "-323",
        "-1029",
        "-986",
        "-1087",
        "-916",
        "-185",
        "243",
        "-243",
        "-343",
        "51",
        "-192",
        "1094",
        "-1077",
        "-347",
        "956",
        "1113",
        "1064",
        "-112",
        "-204",
        "-800",
        "964",
        "114",
        "916",
        "-38",
        "-939",
        "-1064",
        "192"
    ],
    "turned_off_traffic_lights": []
}