{
    "DURATION": 24000000,
    "INIT_DELAY": 20,
    "ITERATIONS": 10,
    "PART_OF_THE_PATH": 0.3,
    "CHECK_TIME": 100,
    "CPU_SCALE": 2,
    "intensities": [
        0.021680788853718255,
        0.020278081782888653,
        0.013774904308989082,
        0.023121983420398225,
        0.01817065430822408,
        0.018277429060350306,
        0.013073659523940885,
        0.02000188062292224,
        0.01888638405254116,
        0.024957388524104954,
        0.014357407937924175,
        0.015444976633240017,
        0.01690012922237232,
        0.015256542591034492,
        0.014049192159543214,
        0.013196958805889624,
        0.022319304087324007,
        0.017720407146434657,
        0.024386395733454108,
        0.02044396507938221,
        0.013355346163769252,
        0.023300109385896363,
        0.014908666168517772,
        0.020424349042646197,
        0.013203568883705018,
        0.018735540858370675,
        0.018406624743957087,
        0.02102454823064662,
        0.014309419984778228,
        0.01782576529330396,
        0.014409754426231053
    ],
    "poisson_generators_edges": [
        "3",
        "-44",
        "77",
        "-65",
        "27",
        "-79",
        "59",
        "23",
        "-51",
        "106",
        "-30",
        "51",
        "-112",
        "-5",
        "-38",
        "-23",
        "11",
        "-63",
        "-11",
        "79",
        "38",
        "-114",
        "30",
        "-3",
        "102",
        "-59",
        "-106",
        "-27",
        "-15",
        "-102",
        "-104"
    ],
    "turned_off_traffic_lights": []
}