{
    "DURATION": 24000000,
    "INIT_DELAY": 20,
    "ITERATIONS": 10,
    "PART_OF_THE_PATH": 0.3,
    "CHECK_TIME": 100,
    "CPU_SCALE": 2,
    "intensities": [
        0.008653513754391676,
        0.005431563051417034,
        0.005250151708393762,
        0.007908671453224625,
        0.00588899313861258,
        0.009990163013291932,
        0.006739657696999439,
        0.005811000203338702,
        0.007343060694990157,
        0.006913447558169493,
        0.0073091118212925115,
        0.007779649546697664,
        0.0069952002568898775,
        0.007559892900506347,
        0.007245871553075309,
        0.007375174657718631,
        0.005868352507750304,
        0.008862380476686822,
        0.0065197599997959856,
        0.005096934234547088,
        0.005692696810724771,
        0.008940426183151697,
        0.008253473925634587,
        0.008899220666266562,
        0.006910047847834902,
        0.0076974669389932495,
        0.007026896877686135,
        0.006231726791227227,
        0.008621568801567463,
        0.005930821496932458,
        0.005803226052795685,
        0.005710293152739897,
        0.005935956194950989,
        0.008338553678011108,
        0.008831867763191066,
        0.005083879774998794,
        0.00923548171864387,
        0.00616713288316815,
        0.006688984461722086,
        0.008072127979704522,
        0.0067937158355585656,
        0.009397919033813738,
        0.006320145773967986,
        0.007124646770819386,
        0.005734527789557394,
        0.00543976529890725,
        0.006928806007743892,
        0.005362435598597917,
        0.00993025104129287,
        0.006645605573525348,
        0.009748937445943321,
        0.007571518051617026,
        0.009650574930296613,
        0.007446495329525122,
        0.0076423136399810816,
        0.009198865232864513,
        0.009649336165282319,
        0.0067473739708914324,
        0.009575508382324124,
        0.006984280679123078,
        0.009346382879107416,
        0.005415803743106064,
        0.009002832205100175,
        0.005816932298653906,
        0.007656498963407896,
        0.005104032915959769,
        0.007685761425832053,
        0.007732158788016304,
        0.008841704883162525,
        0.009223835798411888,
        0.007885614510890674,
        0.009811642740584658,
        0.005974412507522223,
        0.006962604917817104,
        0.006083781616805988,
        0.009990497228486618,
        0.007020743275707306,
        0.005787779950934365,
        0.00995272860280101,
        0.009645597741037033,
        0.00949835335380348,
        0.006259000278478644,
        0.005903569528932867,
        0.008445111568446162,
        0.008565891184864888,
        0.005403810240306392,
        0.008168195694877527,
        0.005952592168063559,
        0.008349679166469443,
        0.008523825252446304,
        0.007454506628554059,
        0.0092398813725437,
        0.009782457267686024,
        0.009782097524889889,
        0.007295515901252188,
        0.008760697808938542,
        0.007304555571506274,
        0.009018108553947166,
        0.008770132943885898,
        0.005104477701449054,
        0.009317568202379804,
        0.006446575648035596,
        0.007425530427467688,
        0.00904266975335763,
        0.007652766954893321,
        0.006171760232936474
    ],
    "poisson_generators_edges": [
        "38",
        "-808",
        "-65",
        "-272",
        "-244",
        "129",
        "104",
        "-834",
        "-277",
        "316",
        "-730",
        "-15",
        "295",
        "-788",
        "-301",
        "77",
        "186",
        "-3",
        "65",
        "-63",
        "-121",
        "106",
        "44",
        "-758",
        "-297",
        "5",
        "-204",
        "447",
        "-558",
        "-23",
        "-178",
        "-749",
        "-303",
        "-570",
        "51",
        "277",
        "-431",
        "188",
        "-212",
        "-611",
        "603",
        "-79",
        "-884",
        "788",
        "-311",
        "-11",
        "-580",
        "112",
        "125",
        "803",
        "265",
        "226",
        "620",
        "79",
        "582",
        "262",
        "749",
        "-566",
        "278",
        "-5",
        "-295",
        "-129",
        "242",
        "-278",
        "-51",
        "848",
        "-27",
        "-112",
        "558",
        "63",
        "-428",
        "178",
        "-106",
        "-114",
        "-603",
        "-102",
        "244",
        "758",
        "212",
        "-894",
        "301",
        "23",
        "15",
        "-38",
        "-125",
        "272",
        "-803",
        "-265",
        "-564",
        "-316",
        "-242",
        "-862",
        "562",
        "30",
        "-848",
        "862",
        "121",
        "-620",
        "-293",
        "3",
        "114",
        "-186",
        "59",
        "-190",
        "-597",
        "-104"
    ],
    "turned_off_traffic_lights": []
}