{
    "DURATION": 48000000,
    "INIT_DELAY": 20,
    "ITERATIONS": 10,
    "PART_OF_THE_PATH": 0.3,
    "CHECK_TIME": 100,
    "CPU_SCALE": 2,
    "intensities": [
        0.0033219115131413596,
        0.0036701227549572166,
        0.0029936376030505587,
        0.004078024291272145,
        0.0046275098077629175,
        0.004594951602345769,
        0.004157720706186493,
        0.0031024530362270602,
        0.004583600792199659,
        0.00439418509102554,
        0.004009330025998799,
        0.0034928194197712046,
        0.00403289463889164,
        0.0034126007594941403,
        0.004536459947878369,
        0.004668767910103951,
        0.00392021754524775,
        0.003917184147508843,
        0.002669596992719898,
        0.0027427739842317044,
        0.0025922273968108506,
        0.004405930898671223,
        0.004698857965809501,
        0.004393581034025666,
        0.002712910671255232,
        0.003853792210276729,
        0.002619991739524766,
        0.0041337340678193595,
        0.0048012121709458625,
        0.0034549567981534387,
        0.004734185809407229,
        0.0038412117905220694,
        0.003939683531207559,
        0.0030841213397603336,
        0.00349954920728027,
        0.0033166076144761597,
        0.002653594639597907,
        0.002957303431910292,
        0.003077659671177861,
        0.004522779646584722,
        0.004149825662997019,
        0.004466288739187757,
        0.004091094501141753,
        0.0040512523416893894,
        0.004455392090029248,
        0.004286424230444284,
        0.0037214468125528416,
        0.0034934108626631976,
        0.0026721536453171994,
        0.0047353199990968035,
        0.002682159331857682,
        0.00345334178766741,
        0.004516806053928971,
        0.0029912401198720225,
        0.004895328736064106,
        0.003478127255175295,
        0.002762819547598042,
        0.004356849480879275,
        0.003533372839808396,
        0.0036719874926848025,
        0.003009981170419603,
        0.0036027248796783574,
        0.0037614394260785866,
        0.0048122751037122805,
        0.004554695348132794,
        0.003793886990434114,
        0.0036789664837954573,
        0.004591861414278777,
        0.004751027034289073,
        0.003020046676999346,
        0.004571227134596196,
        0.004853633515996106,
        0.003004737912471327,
        0.0025025277184676994,
        0.00312738170364238,
        0.00336871247977985,
        0.004452905690668254,
        0.003166765800432686,
        0.0042348511815643915,
        0.004984949146176336,
        0.0028240215449549873,
        0.002967717900203723,
        0.002503276714146469,
        0.004290817284336541,
        0.004206926048810062,
        0.004132808973379574,
        0.00497027888367638,
        0.004456487810029275,
        0.0037840720834721696,
        0.004413095312160775,
        0.004927388104303992,
        0.002749879354311154,
        0.004545990464094329,
        0.003853882532187824,
        0.0032464670988896333,
        0.0029852867104902107,
        0.003984073243933241,
        0.004918301174859384,
        0.0038863398413871977,
        0.004890648343099943,
        0.004439517710648938,
        0.0034916199304371987,
        0.004415189015361141,
        0.0025446353334555717,
        0.0038243471716162053,
        0.0037488928297108024,
        0.003082662103249771,
        0.004942053986753869,
        0.004418084664250212,
        0.004077888907031518,
        0.004298142585009986,
        0.004900033719650462,
        0.003098541077662908,
        0.0036142337106074935,
        0.0035261403190989674,
        0.004314202113876903,
        0.004757454717760798,
        0.003049427828311417,
        0.004484732513539317,
        0.00401616778487385,
        0.004953140880760287,
        0.0044949081740867265,
        0.002867996580379278,
        0.004551410939620658,
        0.003743687244885243,
        0.004086182603532427,
        0.0036785077639615166,
        0.0026885697149856007,
        0.0029104806380847764,
        0.004740970071849639,
        0.0025936585305898633,
        0.0029978114694015484,
        0.002544496671968067,
        0.004381505937304501,
        0.003013072903949957,
        0.0027434091377843573,
        0.004419255472896878,
        0.003994915887165841,
        0.0037412170422581265,
        0.00379090458246846,
        0.004793400277847073,
        0.0038006013502939846,
        0.0039146194099647005,
        0.002978847040374886,
        0.004125603048305469,
        0.003915771504380648,
        0.0035211921311613,
        0.003774774359257984,
        0.004422075884210137,
        0.00451061124077474,
        0.004246604753236036,
        0.00429252851889743,
        0.004952600724493327,
        0.0038238169992785495,
        0.004800778226317545,
        0.004253354240075804,
        0.003590068649571233,
        0.003219983952212172,
        0.003274916385117273,
        0.004110615400459024,
        0.0032146958371329242,
        0.003580991155095274,
        0.0044318640302964995,
        0.0030130165148333186,
        0.003370297372332927,
        0.0034169619693771138,
        0.002592779741156264,
        0.004280342056864712,
        0.0026470147548773503,
        0.002935714458950109,
        0.004196498326579962,
        0.003465942047018837,
        0.0031396409051190274,
        0.002977392475887082,
        0.003476910532659676,
        0.002918984072417175,
        0.0037719556555089497,
        0.004767532163985768,
        0.003254890702547044,
        0.0038625217983980337,
        0.0031597471105626372,
        0.004026178510527844,
        0.002503860285810239,
        0.0038145258600589633,
        0.003919356828347461,
        0.003756383735085614,
        0.0047094663970030665,
        0.004080892013436342,
        0.0031781593221882525,
        0.003625847124237331,
        0.003992484575303115,
        0.002523255742875103,
        0.003647411269579715,
        0.004519235004398428,
        0.002574854787096926,
        0.004194845091107709,
        0.004494067082880221,
        0.0037154910337788014,
        0.004062306041514668,
        0.004891431144206009,
        0.004776885269023087,
        0.0028286649096123965,
        0.004937358132922839,
        0.002539962573418873,
        0.0026251805230679717,
        0.003242688984940225,
        0.004810962887898178,
        0.004649655664314868,
        0.0026389211980553428,
        0.002797775688882811,
        0.0035988507717458866,
        0.004871719063591427,
        0.0040973621072092365,
        0.004669401164563563,
        0.004287677066809614,
        0.0036968293825946977,
        0.0045286341672424926,
        0.002548774350265416,
        0.0031088080520778297,
        0.003353589947150488,
        0.003600772044205638,
        0.004412682502577216,
        0.0033623167571826982,
        0.0036179822646372245,
        0.004313414882264243,
        0.0027596432927714195,
        0.0038388916602857506,
        0.004585646924557445,
        0.0043046154960921105,
        0.004667897594300724,
        0.004995826600391953,
        0.0034872939070918468,
        0.004091159725265081,
        0.0038224009040921762,
        0.00441780683340765,
        0.003960705018533515,
        0.004266987930928986
    ],