{
    "DURATION": 48000000,
    "INIT_DELAY": 20,
    "ITERATIONS": 5,
    "PART_OF_THE_PATH": 0.3,
    "CHECK_TIME": 100,
    "CPU_SCALE": 2,
    "intensities": [
        0.002741843187688006,
        0.004582759669898245,
        0.0032188706633228896,
        0.0036810625038092865,
        0.0031118015543221173,
        0.004136986584358853,
        0.004464904999522028,
        0.003060942336693794,
        0.004144838551642547,
        0.0036182836705438504,
        0.003973481690856387,
        0.0031858620941725615,
        0.0025880312898406564,
        0.003875564283731826,
        0.00294096405360655,
        0.004729136338046879,
        0.002855154871702784,
        0.0027014021561556356,
        0.003362843805793293,
        0.0041031472900583,
        0.0029978207594280543,
        0.004884627282495117,
        0.0028719288610184325,
        0.003316352848893339,
        0.004942386086723316,
        0.0035266703612716016,
        0.0027247273477260256,
        0.003983522883124655,
        0.004809756927899153,
        0.0037820785113638826,
        0.0036246945650635614,
        0.004790043295514947,
        0.002547214812296661,
        0.0037830842859153816,
        0.003224024157877414,
        0.003371498076525558,
        0.0034206313429137724,
        0.003169702274028276,
        0.004233016611663731,
        0.004024457613541874,
        0.004521324183931934,
        0.0027562642959469666,
        0.0043412040382049075,
        0.003095514755848151,
        0.003930545698888618,
        0.0030927666360618072,
        0.0040580862201281785,
        0.004548516945544753,
        0.004033657051983107,
        0.0034714980476186247,
        0.004234467388557428,
        0.0030663094969806334,
        0.004308849935888728,
        0.003094186004282131,
        0.0036752848576860043,
        0.003380406776330977,
        0.0036576206298470594,
        0.00421938872405855,
        0.0033518029995756662,
        0.0025873145543662507,
        0.0029484223251952696,
        0.0029413551697098778,
        0.0026247010887542406,
        0.004284421610414247,
        0.004170460340011208,
        0.0036640888124534294,
        0.004862495033188274,
        0.0037512829210472436,
        0.0025194799294715447,
        0.003023975724254955,
        0.0030442341060531873,
        0.002799659821398429,
        0.004512864478584896,
        0.0035898843987622366,
        0.004679092199414751,
        0.004506602459448648,
        0.0026226035234510913,
        0.00486202460218052,
        0.0028336841039783016,
        0.0033850670908163382,
        0.0031238391659266793,
        0.004067130441589358,
        0.003476433569546333,
        0.0038082467532367997,
        0.003100464548062442,
        0.003970218951151845,
        0.004032171580432023,
        0.003047583195114993,
        0.00478943527941105,
        0.004067616568622779,
        0.003030997849382643,
        0.004410351622820195,
        0.0035898410410908233,
        0.0049401118440979795,
        0.004452678394126277,
        0.0038099686046580267,
        0.003821442757527879,
        0.004620243385045984,
        0.0039475184282099455,
        0.0040401710560100685,
        0.0030901134089813802,
        0.0036418562181339343,
        0.004918870342805688,
        0.0031746872926571115,
        0.002709375879398896,
        0.002898257978668387,
        0.0033421485098933746,
        0.004059317969085987,
        0.003946615682978498,
        0.002538318006530169,
        0.004886083517853816,
        0.0030974258756281455,
        0.004399842187832018,
        0.0037210641113222444,
        0.004183729328279626,
        0.004816214167845224,
        0.003249704750594092,
        0.004086970705262347,
        0.003622126802271148,
        0.0033326293910939117,
        0.0035682181150306566,
        0.0029318798032292206,
        0.004032925771214698,
        0.003294474223562184,
        0.0038343290301301285,
        0.003518933227804253,
        0.004097945080162622,
        0.0032372141528232154,
        0.0037170134999213447,
        0.0036213481240725404,
        0.004690780446607704,
        0.00428582252794015,
        0.004577057994771242,
        0.004383176481747804,
        0.0026847580723955056,
        0.003819478402514718,
        0.0031172873609898117,
        0.0029948086138453294,
        0.00358630703837514,
        0.0031513272864491385,
        0.0032140378639293303,
        0.0030219424682892257,
        0.0033290910376800814,
        0.004338473246869737,
        0.0035005394372175282,
        0.004794567819741523,
        0.0037419458068374944,
        0.0031612889755775453,
        0.003547723208498375,
        0.0030836942078101234,
        0.00300824601404079,
        0.004764520552800633,
        0.004516533083600826,
        0.002707085551655296,
        0.004181356503113151,
        0.004943487393867282,
        0.0031984609674328233,
        0.003322976403143186,
        0.003151354964109485,
        0.004661510095168616,
        0.00281257472829537,
        0.004612298588004413,
        0.0026941314991871883,
        0.0039006085128960536,
        0.0033312109852484994,
        0.0034135981896356903,
        0.002515749683397637,
        0.0031234996898963086,
        0.004030318166786177,
        0.002884876917154422,
        0.00358508577706135,
        0.002502995950248383,
        0.004314650502963876,
        0.004613099650107656,
        0.0034717573662750552,
        0.004137247768611533,
        0.0040890099793044095,
        0.0029607825533342447,
        0.0039347856385678805,
        0.0032232594693035765,
        0.003648148572407249,
        0.0025093125647289174,
        0.004975716948049854,
        0.004184772612049536,
        0.003523645059727075,
        0.002865291540796274,
        0.003581857013958893,
        0.004208534280709251,
        0.003697200034259127,
        0.0038468526642655536,
        0.0048962565643690635,
        0.004336206961316867,
        0.004821719879392155,
        0.003849534329647895,
        0.0038349022992206607,
        0.003054976144163051,
        0.003009986686403787,
        0.004741260483927815,
        0.004414437656271525,
        0.0036889471189917736,
        0.004284394400841574,
        0.0030579256106238557,
        0.0048804969362438696,
        0.002728467759906068,
        0.0038090051835111727,
        0.003513661033995817,
        0.003780160027147833,
        0.004818232991394918,
        0.002821255296794252,
        0.002602897873313987,
        0.004423978721490478,
        0.004237757240272587,
        0.004142850662191356,
        0.0033222582113312093,
        0.0037892068073576294,
        0.003088654223363618,
        0.002563840775966632,
        0.002906833156605495,
        0.003705550887592961,
        0.003341325859429309,
        0.004117343737763127,
        0.00272777209535427,
        0.0042838775096592455,
        0.003917995340662537,
        0.004339946171030714,
        0.002774087579869618,
        0.0035106384398389057,
        0.003973242192737463,
        0.003755261879907067,
        0.004449931388684596,
        0.0038826945715484196,
        0.004608534193113136,
        0.0031199992911760677,
        0.00412229557624987,
        0.0029705698680054307,
        0.004658214351446551,
        0.0036862539202356954,
        0.004051894995240574,
        0.004402894676357083,
        0.0046351717015201245,
        0.004480149109534856,
        0.003345146796312705,
        0.004360955600184446,
        0.003216514441760803,
        0.003591087613185152,
        0.003581211364474754,
        0.0038840714850149963,
        0.004289019470613499,
        0.0027002779882343746,
        0.004130353045989901,
        0.0039388921147001255,
        0.004215259468538159,
        0.004590257720121936,
        0.0034949368861258113,
        0.003451794189307197,
        0.00446129068466059,
        0.004851186053765868,
        0.0027238595670207744,
