{
    "DURATION": 48000000,
    "INIT_DELAY": 20,
    "ITERATIONS": 5,
    "PART_OF_THE_PATH": 0.3,
    "CHECK_TIME": 100,
    "CPU_SCALE": 2,
    "intensities": [
        0.002099532746180666,
        0.00377483784742505,
        0.0025096885071242262,
        0.0022524904902636905,
        0.003810673708494079,
        0.003610863173833315,
        0.0029644258934687193,
        0.0031528634504828018,
        0.0036428697165628637,
        0.0032376475164811454,
        0.003468079232082563,
        0.0034329132756735106,
        0.003119509493005361,
        0.003938112155417934,
        0.003427651369238736,
        0.003620826925914959,
        0.0031428413639899666,
        0.003445606264417912,
        0.0021979892209691874,
        0.003738585378976615,
        0.003888736441517074,
        0.002291647596216192,
        0.003573142416596355,
        0.0037826625868975236,
        0.0033783447932359857,
        0.0026587188858004725,
        0.0026282015758744494,
        0.002795960892697412,
        0.0034875845893213245,
        0.002477186354998979,
        0.002282114448077731,
        0.002383226896567533,
        0.003741318875975535,
        0.0031528942008537623,
        0.0020462680684621218,
        0.0030737227514608762,
        0.0033658952216621347,
        0.0021599161348031895,
        0.002373391051656076,
        0.002200125512733019,
        0.0023888085327454815,
        0.002747143724856334,
        0.0021579950075469065,
        0.002554382906858165,
        0.0027308420113302465,
        0.002613379687803343,
        0.0036678507499432684,
        0.003455954240616259,
        0.0023180785533928323,
        0.003249360481610393,
        0.0025845447070575287,
        0.00224176435645718,
        0.0024827522540226527,
        0.0027821000628008596,
        0.0033650074925882087,
        0.002925551055274064,
        0.0033764004007516687,
        0.0031749646962332483,
        0.0037745954799903924,
        0.002003373888751326,
        0.0035749017324783728,
        0.003910232055692619,
        0.0032284060499213584,
        0.0038255556026127128,
        0.0028953059684358887,
        0.003918645262769864,
        0.0027775728475238444,
        0.0026545230797175275,
        0.0028754244399306623,
        0.0034082920053523274,
        0.002396357406092098,
        0.002589880434859401,
        0.003287383682995868,
        0.00260169142891529,
        0.003137912878090886,
        0.003435206852584898,
        0.0033185805583242235,
        0.002531845727305719,
        0.002777015342616072,
        0.0022825022044880767,
        0.002837185365643401,
        0.0026860431909240872,
        0.003463234242282227,
        0.0035597069845058147,
        0.0031909830115547733,
        0.0028339697405204054,
        0.0027472510579690376,
        0.0022619640354216613,
        0.003285822951214299,
        0.0031004850180896566,
        0.002516548700710772,
        0.003174451744756527,
        0.0028419089980425078,
        0.0027467548188468646,
        0.003276198541023507,
        0.0022973549820955127,
        0.002468995168073433,
        0.0028597415842769058,
        0.0022407143499974655,
        0.00324693037361807,
        0.0030318611045105325,
        0.0028121228633689035,
        0.0035429717746188506,
        0.002666116364951422,
        0.003588376068231723,
        0.002933514279572833,
        0.002551235203463553,
        0.002896528927729918,
        0.003537237275043571,
        0.003970076959392017,
        0.0032125438463239554,
        0.0023755203920450755,
        0.0038901217212396776,
        0.0032991333350542917,
        0.0038053630077148435,
        0.00382396449088795,
        0.003869408581083008,
        0.003430186303789462,
        0.0020547521245078432,
        0.003950213679250343,
        0.0032714733995669347,
        0.0027630042061062825,
        0.0032211260808058927,
        0.0032387037444099294,
        0.0026754169152570124,
        0.002168102477598655,
        0.0037361479038116405,
        0.0023751427477198073,
        0.0037828227278736033,
        0.0036322543398836678,
        0.0035313480243555845,
        0.003707296173465371,
        0.002546459435029057,
        0.003972854063632987,
        0.0024864978963679554,
        0.0029683142012366425,
        0.0038309336532707707,
        0.0031797516235147804,
        0.003431281360098602,
        0.0021149602709873163,
        0.0030020040217025867,
        0.0032551999752306465,
        0.0024431803119688653,
        0.00337562098576451,
        0.00271533971950101,
        0.0029039758114224406,
        0.0027136532053638838,
        0.002173136851192915,
        0.003939807954576557,
        0.002050019232180766,
        0.0029026098370284175,
        0.0032452245474662474,
        0.0022872855103024036,
        0.003573589049494112,
        0.0022441760342440504,
        0.00262832472049914,
        0.0035319443658904763,
        0.0032454063001652726,
        0.002590086613046258,
        0.0035211435145953394,
        0.0026501242245362306,
        0.002575225322997381,
        0.002877982867562119,
        0.0029054286897754263,
        0.0034329153355896255,
        0.0024676552479771983,
        0.0023969588522005977,
        0.0036703333580200784,
        0.0030739676024307172,
        0.0030077561836696068,
        0.0037743391295335365,
        0.003898954979642778,
        0.003204461024820233,
        0.0029991399899091616,
        0.0038595409124687254,
        0.0032800629416966922,
        0.0022892804083629354,
        0.002462316305935672,
        0.0038712656405973612,
        0.002297288251936208,
        0.003468211747584205,
        0.003903846531392097,
        0.002131652012959334,
        0.0029779990585534176,
        0.003741945108993453,
        0.00314632040423031,
        0.0033405654101551366,
        0.0039428366194185945,
        0.0033202252453398773,
        0.0020266818412165446,
        0.003822418190279768,
        0.003760774452118372,
        0.003727883345026969,
        0.0033624042575924047,
        0.0026232611464858764,
        0.002817786458448822,
        0.0036301052711382523,
        0.002199588098142231,
        0.0037411259714553386,
        0.002397516560405856,
        0.0037657469032468588,
        0.002384566105432565,
        0.0038047143768430375,
        0.002242517862064895,
        0.003448314134868018,
        0.0027002275479887116,
        0.003411579713664463,
        0.0021226408760032095,
        0.0034710506706206457,
        0.003010752717033799,
        0.0020011161005877216,
        0.0023324821914604355,
        0.003986815596120976,
        0.003520845130301739,
        0.0034336001233559034,
        0.0038244609906210383,
        0.0034160917320636137,
        0.0023335995325991167,
        0.00204151234194732,
        0.002249393091137569,
        0.0027675318058361822,
        0.002592147323199132,
        0.003020899057374864,
        0.0029366615688126148,
        0.003949905582481725,
        0.003897691814694172,
        0.0031510022033844685,
        0.0033112872653241173,
        0.0032855397005934427,
        0.0025100744755088365,
        0.00393241459961087,
        0.0026999199281312444,
        0.0032328684502353194,
        0.002114281012200741,
        0.002262953070183346,
        0.00392347126607183,
        0.0034244227968878893,
        0.003068355306228036,
        0.003509020626672987,
        0.0030113838580995422,
        0.0039021598318504168,
        0.0021729919182784116,
        0.0025796465395400313,
        0.0022868346110177977,
        0.0029179282127864675,
        0.003791346983001055,
        0.003855253061767982,
        0.003949982219255991,
        0.002849614203613336,
        0.00209548653796525,
        0.003523863977937404,
        0.002046186786869948,
        0.003093797249079909,
        0.003104685796425834,
        0.002097195054265008,
        0.0027343872582976914,
